start,end,sequence,score,type
1144,1163,ELDSFKEELDKYFKNHTSPD,1.5699999999999998,B-cell
1142,1161,QPELDSFKEELDKYFKNHTS,1.5699999999999998,B-cell
146,165,HKNNKSWMESEFRVYSSANN,1.56,B-cell
1146,1165,DSFKEELDKYFKNHTSPDVD,1.55,B-cell
1149,1168,KEELDKYFKNHTSPDVDLGD,1.48,B-cell
1143,1162,PELDSFKEELDKYFKNHTSP,1.4749999999999999,B-cell
145,164,YHKNNKSWMESEFRVYSSAN,1.4500000000000002,B-cell
448,467,NYNYLYRLFRKSNLKPFERD,1.405,B-cell
1139,1158,DPLQPELDSFKEELDKYFKN,1.4,B-cell
1140,1159,PLQPELDSFKEELDKYFKNH,1.3849999999999998,B-cell
144,163,YYHKNNKSWMESEFRVYSSA,1.3400000000000003,B-cell
1141,1160,LQPELDSFKEELDKYFKNHT,1.3399999999999999,B-cell
773,792,EQDKNTQEVFAQVKQIYKTP,1.3249999999999997,B-cell
137,156,NDPFLGVYYHKNNKSWMESE,1.32,B-cell
672,691,ASYQTQTNSPRRARSVASQS,1.31,B-cell
1138,1157,YDPLQPELDSFKEELDKYFK,1.29,B-cell
147,166,KNNKSWMESEFRVYSSANNC,1.2750000000000001,B-cell
447,466,GNYNYLYRLFRKSNLKPFER,1.25,B-cell
774,793,QDKNTQEVFAQVKQIYKTPP,1.23,B-cell
143,162,VYYHKNNKSWMESEFRVYSS,1.2200000000000002,B-cell
142,161,GVYYHKNNKSWMESEFRVYS,1.2000000000000002,B-cell
1147,1166,SFKEELDKYFKNHTSPDVDL,1.1850000000000003,B-cell
1145,1164,LDSFKEELDKYFKNHTSPDV,1.185,B-cell
673,692,SYQTQTNSPRRARSVASQSI,1.1750000000000003,B-cell
1135,1154,NTVYDPLQPELDSFKEELDK,1.1700000000000002,B-cell
1148,1167,FKEELDKYFKNHTSPDVDLG,1.165,B-cell
435,454,AWNSNNLDSKVGGNYNYLYR,1.1500000000000001,B-cell
1134,1153,NNTVYDPLQPELDSFKEELD,1.15,B-cell
671,690,CASYQTQTNSPRRARSVASQ,1.145,B-cell
457,476,RKSNLKPFERDISTEIYQAG,1.125,B-cell
148,167,NNKSWMESEFRVYSSANNCT,1.115,B-cell
405,424,DEVRQIAPGQTGKIADYNYK,1.1099999999999999,B-cell
403,422,RGDEVRQIAPGQTGKIADYN,1.095,B-cell
439,458,NNLDSKVGGNYNYLYRLFRK,1.0699999999999998,B-cell
1150,1169,EELDKYFKNHTSPDVDLGDI,1.06,B-cell
1136,1155,TVYDPLQPELDSFKEELDKY,1.06,B-cell
172,191,SQPFLMDLEGKQGNFKNLRE,1.055,B-cell
139,158,PFLGVYYHKNNKSWMESEFR,1.055,B-cell
436,455,WNSNNLDSKVGGNYNYLYRL,1.05,B-cell
180,199,EGKQGNFKNLREFVFKNIDG,1.0499999999999998,B-cell
446,465,GGNYNYLYRLFRKSNLKPFE,1.045,B-cell
412,431,PGQTGKIADYNYKLPDDFTG,1.0399999999999998,B-cell
408,427,RQIAPGQTGKIADYNYKLPD,1.035,B-cell
772,791,VEQDKNTQEVFAQVKQIYKT,1.0349999999999997,B-cell
561,580,PFQQFGRDIADTTDAVRDPQ,1.03,B-cell
136,155,CNDPFLGVYYHKNNKSWMES,1.02,B-cell
449,468,YNYLYRLFRKSNLKPFERDI,1.0050000000000001,B-cell
138,157,DPFLGVYYHKNNKSWMESEF,1.0049999999999997,B-cell
444,463,KVGGNYNYLYRLFRKSNLKP,0.9950000000000001,B-cell
409,428,QIAPGQTGKIADYNYKLPDD,0.9850000000000001,B-cell
562,581,FQQFGRDIADTTDAVRDPQT,0.985,B-cell
450,469,NYLYRLFRKSNLKPFERDIS,0.9800000000000001,B-cell
141,160,LGVYYHKNNKSWMESEFRVY,0.9700000000000001,B-cell
177,196,MDLEGKQGNFKNLREFVFKN,0.97,B-cell
801,820,NFSQILPDPSKPSKRSFIED,0.97,B-cell
456,475,FRKSNLKPFERDISTEIYQA,0.9649999999999999,B-cell
443,462,SKVGGNYNYLYRLFRKSNLK,0.9549999999999998,B-cell
667,686,GAGICASYQTQTNSPRRARS,0.9549999999999998,B-cell
452,471,LYRLFRKSNLKPFERDISTE,0.95,B-cell
761,780,TQLNRALTGIAVEQDKNTQE,0.95,B-cell
553,572,TESNKKFLPFQQFGRDIADT,0.95,B-cell
555,574,SNKKFLPFQQFGRDIADTTD,0.9499999999999998,B-cell
554,573,ESNKKFLPFQQFGRDIADTT,0.9499999999999998,B-cell
21,40,RTQLPPAYTNSFTRGVYYPD,0.945,B-cell
458,477,KSNLKPFERDISTEIYQAGS,0.9399999999999998,B-cell
181,200,GKQGNFKNLREFVFKNIDGY,0.9399999999999997,B-cell
441,460,LDSKVGGNYNYLYRLFRKSN,0.9350000000000002,B-cell
563,582,QQFGRDIADTTDAVRDPQTL,0.9349999999999999,B-cell
404,423,GDEVRQIAPGQTGKIADYNY,0.9349999999999999,B-cell
440,459,NLDSKVGGNYNYLYRLFRKS,0.9349999999999999,B-cell
442,461,DSKVGGNYNYLYRLFRKSNL,0.9349999999999999,B-cell
564,583,QFGRDIADTTDAVRDPQTLE,0.9349999999999998,B-cell
411,430,APGQTGKIADYNYKLPDDFT,0.93,B-cell
1151,1170,ELDKYFKNHTSPDVDLGDIS,0.925,B-cell
132,151,EFQFCNDPFLGVYYHKNNKS,0.925,B-cell
22,41,TQLPPAYTNSFTRGVYYPDK,0.915,B-cell
454,473,RLFRKSNLKPFERDISTEIY,0.915,B-cell
453,472,YRLFRKSNLKPFERDISTEI,0.915,B-cell
438,457,SNNLDSKVGGNYNYLYRLFR,0.915,B-cell
674,693,YQTQTNSPRRARSVASQSII,0.9100000000000001,B-cell
1194,1213,NESLIDLQELGKYEQYIKWP,0.9100000000000001,B-cell
1178,1197,NIQKEIDRLNEVAKNLNESL,0.9099999999999999,B-cell
1180,1199,QKEIDRLNEVAKNLNESLID,0.9099999999999999,B-cell
771,790,AVEQDKNTQEVFAQVKQIYK,0.9099999999999999,B-cell
1190,1209,AKNLNESLIDLQELGKYEQY,0.9050000000000002,B-cell
1083,1102,HDGKAHFPREGVFVSNGTHW,0.8949999999999998,B-cell
1177,1196,VNIQKEIDRLNEVAKNLNES,0.89,B-cell
462,481,KPFERDISTEIYQAGSTPCN,0.885,B-cell
1137,1156,VYDPLQPELDSFKEELDKYF,0.885,B-cell
796,815,DFGGFNFSQILPDPSKPSKR,0.8800000000000001,B-cell
69,88,HVSGTNGTKRFDNPVLPFND,0.8750000000000002,B-cell
173,192,QPFLMDLEGKQGNFKNLREF,0.875,B-cell
169,188,EYVSQPFLMDLEGKQGNFKN,0.875,B-cell
455,474,LFRKSNLKPFERDISTEIYQ,0.865,B-cell
437,456,NSNNLDSKVGGNYNYLYRLF,0.865,B-cell
795,814,KDFGGFNFSQILPDPSKPSK,0.85,B-cell
776,795,KNTQEVFAQVKQIYKTPPIK,0.8499999999999999,B-cell
134,153,QFCNDPFLGVYYHKNNKSWM,0.8400000000000001,B-cell
135,154,FCNDPFLGVYYHKNNKSWME,0.8400000000000001,B-cell
179,198,LEGKQGNFKNLREFVFKNID,0.8399999999999999,B-cell
451,470,YLYRLFRKSNLKPFERDIST,0.8399999999999999,B-cell
178,197,DLEGKQGNFKNLREFVFKNI,0.8399999999999999,B-cell
413,432,GQTGKIADYNYKLPDDFTGC,0.8349999999999997,B-cell
526,545,GPKKSTNLVKNKCVNFNFNG,0.8349999999999997,B-cell
775,794,DKNTQEVFAQVKQIYKTPPI,0.8300000000000001,B-cell
627,646,DQLTPTWRVYSTGSNVFQTR,0.8300000000000001,B-cell
777,796,NTQEVFAQVKQIYKTPPIKD,0.8299999999999998,B-cell
309,328,EKGIYQTSNFRVQPTESIVR,0.8250000000000002,B-cell
1100,1119,THWFVTQRNFYEPQIITTDN,0.825,B-cell
1101,1120,HWFVTQRNFYEPQIITTDNT,0.8249999999999998,B-cell
2,10,FVFLVLLPL,0.8222222222222224,T-cell
460,479,NLKPFERDISTEIYQAGSTP,0.8200000000000001,B-cell
1106,1125,QRNFYEPQIITTDNTFVSGN,0.82,B-cell
556,575,NKKFLPFQQFGRDIADTTDA,0.82,B-cell
490,509,FPLQSYGFQPTNGVGYQPYR,0.8150000000000001,B-cell
3,11,VFLVLLPLV,0.8111111111111113,T-cell
1073,1092,KNFTTAPAICHDGKAHFPRE,0.8100000000000002,B-cell
1072,1091,EKNFTTAPAICHDGKAHFPR,0.8100000000000002,B-cell
1069,1088,PAQEKNFTTAPAICHDGKAH,0.8099999999999998,B-cell
20,39,TRTQLPPAYTNSFTRGVYYP,0.805,B-cell
149,168,NKSWMESEFRVYSSANNCTF,0.8000000000000002,B-cell
150,169,KSWMESEFRVYSSANNCTFE,0.8000000000000002,B-cell
1,9,MFVFLVLLP,0.8000000000000002,T-cell
1254,1273,CKFDEDDSEPVLKGVKLHYT,0.7950000000000002,B-cell
133,152,FQFCNDPFLGVYYHKNNKSW,0.795,B-cell
806,825,LPDPSKPSKRSFIEDLLFNK,0.7949999999999998,B-cell
459,478,SNLKPFERDISTEIYQAGST,0.78,B-cell
183,202,QGNFKNLREFVFKNIDGYFK,0.78,B-cell
182,201,KQGNFKNLREFVFKNIDGYF,0.78,B-cell
1195,1214,ESLIDLQELGKYEQYIKWPW,0.78,B-cell
4,12,FLVLLPLVS,0.7777777777777779,T-cell
510,518,VVVLSFELL,0.7777777777777779,T-cell
807,826,PDPSKPSKRSFIEDLLFNKV,0.7749999999999998,B-cell
25,44,PPAYTNSFTRGVYYPDKVFR,0.7700000000000001,B-cell
1191,1210,KNLNESLIDLQELGKYEQYI,0.7700000000000001,B-cell
63,82,TWFHAIHVSGTNGTKRFDNP,0.77,B-cell
1192,1211,NLNESLIDLQELGKYEQYIK,0.77,B-cell
1152,1171,LDKYFKNHTSPDVDLGDISG,0.7699999999999998,B-cell
241,249,LLALHRSYL,0.7666666666666666,T-cell
1220,1228,FIAGLIAIV,0.7666666666666666,T-cell
1060,1068,VVFLHVTYV,0.7666666666666666,T-cell
1224,1232,LIAIVMVTI,0.7666666666666666,T-cell
140,159,FLGVYYHKNNKSWMESEFRV,0.7650000000000002,B-cell
1133,1152,VNNTVYDPLQPELDSFKEEL,0.765,B-cell
19,38,TTRTQLPPAYTNSFTRGVYY,0.7600000000000001,B-cell
72,91,GTNGTKRFDNPVLPFNDGVY,0.7600000000000001,B-cell
131,150,CEFQFCNDPFLGVYYHKNNK,0.76,B-cell
1071,1090,QEKNFTTAPAICHDGKAHFP,0.7599999999999999,B-cell
1226,1234,AIVMVTIML,0.7555555555555556,T-cell
821,829,LLFNKVTLA,0.7555555555555556,T-cell
511,519,VVLSFELLH,0.7555555555555556,T-cell
449,457,YNYLYRLFR,0.7555555555555555,T-cell
512,520,VLSFELLHA,0.7555555555555555,T-cell
262,270,AAAYYVGYL,0.7555555555555555,T-cell
34,53,RGVYYPDKVFRSSVLHSTQD,0.7550000000000001,B-cell
675,694,QTQTNSPRRARSVASQSIIA,0.7550000000000001,B-cell
798,817,GGFNFSQILPDPSKPSKRSF,0.7450000000000001,B-cell
670,689,ICASYQTQTNSPRRARSVAS,0.7450000000000001,B-cell
491,510,PLQSYGFQPTNGVGYQPYRV,0.7450000000000001,B-cell
797,816,FGGFNFSQILPDPSKPSKRS,0.745,B-cell
406,425,EVRQIAPGQTGKIADYNYKL,0.7449999999999999,B-cell
509,517,RVVVLSFEL,0.7444444444444446,T-cell
448,456,NYNYLYRLF,0.7444444444444445,T-cell
1225,1233,IAIVMVTIM,0.7444444444444445,T-cell
898,906,FAMQMAYRF,0.7444444444444445,T-cell
54,62,LFLPFFSNV,0.7444444444444445,T-cell
1221,1229,IAGLIAIVM,0.7444444444444445,T-cell
1214,1222,WYIWLGFIA,0.7444444444444445,T-cell
1222,1230,AGLIAIVMV,0.7444444444444444,T-cell
304,323,KSFTVEKGIYQTSNFRVQPT,0.7400000000000001,B-cell
70,89,VSGTNGTKRFDNPVLPFNDG,0.7350000000000001,B-cell
1154,1173,KYFKNHTSPDVDLGDISGIN,0.7350000000000001,B-cell
71,90,SGTNGTKRFDNPVLPFNDGV,0.7350000000000001,B-cell
465,484,ERDISTEIYQAGSTPCNGVE,0.735,B-cell
1153,1172,DKYFKNHTSPDVDLGDISGI,0.735,B-cell
508,516,YRVVVLSFE,0.7333333333333334,T-cell
186,194,FKNLREFVF,0.7333333333333334,T-cell
892,900,AALQIPFAM,0.7333333333333334,T-cell
5,13,LVLLPLVSS,0.7333333333333333,T-cell
238,246,FQTLLALHR,0.7333333333333333,T-cell
237,245,RFQTLLALH,0.7333333333333333,T-cell
1012,1020,LIRAAEIRA,0.7333333333333333,T-cell
450,458,NYLYRLFRK,0.7333333333333333,T-cell
451,459,YLYRLFRKS,0.7333333333333333,T-cell
1132,1151,IVNNTVYDPLQPELDSFKEE,0.7300000000000001,B-cell
917,936,YENQKLIANQFNSAIGKIQD,0.7300000000000001,B-cell
26,45,PAYTNSFTRGVYYPDKVFRS,0.7300000000000001,B-cell
808,827,DPSKPSKRSFIEDLLFNKVT,0.7299999999999998,B-cell
668,687,AGICASYQTQTNSPRRARSV,0.725,B-cell
669,688,GICASYQTQTNSPRRARSVA,0.725,B-cell
1082,1101,CHDGKAHFPREGVFVSNGTH,0.725,B-cell
552,571,LTESNKKFLPFQQFGRDIAD,0.7249999999999999,B-cell
870,878,IAQYTSALL,0.7222222222222223,T-cell
871,879,AQYTSALLA,0.7222222222222223,T-cell
242,250,LALHRSYLT,0.7222222222222223,T-cell
507,515,PYRVVVLSF,0.7222222222222223,T-cell
1062,1070,FLHVTYVPA,0.7222222222222222,T-cell
1218,1226,LGFIAGLIA,0.7222222222222222,T-cell
236,244,TRFQTLLAL,0.7222222222222222,T-cell
263,271,AAYYVGYLQ,0.7222222222222222,T-cell
189,197,LREFVFKNI,0.7222222222222222,T-cell
1061,1069,VFLHVTYVP,0.7222222222222222,T-cell
1018,1026,IRASANLAA,0.7222222222222222,T-cell
62,70,VTWFHAIHV,0.7222222222222221,T-cell
781,789,VFAQVKQIY,0.7222222222222221,T-cell
240,248,TLLALHRSY,0.7222222222222221,T-cell
344,352,ATRFASVYA,0.7222222222222221,T-cell
305,324,SFTVEKGIYQTSNFRVQPTE,0.72,B-cell
306,325,FTVEKGIYQTSNFRVQPTES,0.72,B-cell
190,209,REFVFKNIDGYFKIYSKHTP,0.72,B-cell
268,287,GYLQPRTFLLKYNENGTITD,0.715,B-cell
269,277,YLQPRTFLL,0.7111111111111112,T-cell
235,243,ITRFQTLLA,0.7111111111111111,T-cell
820,828,DLLFNKVTL,0.7111111111111111,T-cell
1217,1225,WLGFIAGLI,0.7111111111111111,T-cell
505,513,YQPYRVVVL,0.7111111111111111,T-cell
815,823,RSFIEDLLF,0.7111111111111111,T-cell
958,966,ALNTLVKQL,0.7111111111111111,T-cell
817,825,FIEDLLFNK,0.7111111111111111,T-cell
896,904,IPFAMQMAY,0.7111111111111111,T-cell
513,521,LSFELLHAP,0.711111111111111,T-cell
259,267,TAGAAAYYV,0.711111111111111,T-cell
395,403,VYADSFVIR,0.711111111111111,T-cell
1059,1067,GVVFLHVTY,0.711111111111111,T-cell
1223,1231,GLIAIVMVT,0.711111111111111,T-cell
345,353,TRFASVYAW,0.711111111111111,T-cell
346,354,RFASVYAWN,0.711111111111111,T-cell
1219,1227,GFIAGLIAI,0.711111111111111,T-cell
1216,1224,IWLGFIAGL,0.711111111111111,T-cell
347,355,FASVYAWNR,0.711111111111111,T-cell
1210,1218,IKWPWYIWL,0.711111111111111,T-cell
549,568,TGVLTESNKKFLPFQQFGRD,0.7100000000000002,B-cell
463,482,PFERDISTEIYQAGSTPCNG,0.7100000000000001,B-cell
1036,1055,QSKRVDFCGKGYHLMSFPQS,0.7050000000000002,B-cell
918,937,ENQKLIANQFNSAIGKIQDS,0.7050000000000001,B-cell
768,787,TGIAVEQDKNTQEVFAQVKQ,0.7049999999999998,B-cell
762,781,QLNRALTGIAVEQDKNTQEV,0.7049999999999998,B-cell
434,453,IAWNSNNLDSKVGGNYNYLY,0.7000000000000002,B-cell
53,61,DLFLPFFSN,0.7000000000000001,T-cell
816,824,SFIEDLLFN,0.7000000000000001,T-cell
1213,1221,PWYIWLGFI,0.7000000000000001,T-cell
976,984,VLNDILSRL,0.7000000000000001,T-cell
607,615,QVAVLYQDV,0.7000000000000001,T-cell
822,830,LFNKVTLAD,0.7000000000000001,T-cell
51,59,TQDLFLPFF,0.7000000000000001,T-cell
52,60,QDLFLPFFS,0.7000000000000001,T-cell
691,699,SIIAYTMSL,0.7000000000000001,T-cell
608,616,VAVLYQDVN,0.7000000000000001,T-cell
58,66,FFSNVTWFH,0.7,T-cell
1011,1019,QLIRAAEIR,0.7,T-cell
55,63,FLPFFSNVT,0.7,T-cell
187,195,KNLREFVFK,0.7,T-cell
1227,1235,IVMVTIMLC,0.7,T-cell
298,317,ETKCTLKSFTVEKGIYQTSN,0.7,B-cell
340,348,EVFNATRFA,0.7,T-cell
341,349,VFNATRFAS,0.7,T-cell
342,350,FNATRFASV,0.7,T-cell
687,695,VASQSIIAY,0.7,T-cell
869,877,MIAQYTSAL,0.7,T-cell
915,923,VLYENQKLI,0.7,T-cell
956,964,AQALNTLVK,0.7,T-cell
818,826,IEDLLFNKV,0.7,T-cell
899,907,AMQMAYRFN,0.7,T-cell
916,924,LYENQKLIA,0.7,T-cell
514,522,SFELLHAPA,0.7,T-cell
452,460,LYRLFRKSN,0.7,T-cell
394,402,NVYADSFVI,0.7,T-cell
362,370,VADYSVLYN,0.7,T-cell
515,523,FELLHAPAT,0.7,T-cell
893,901,ALQIPFAMQ,0.7,T-cell
453,461,YRLFRKSNL,0.7,T-cell
1264,1272,VLKGVKLHY,0.7,T-cell
1209,1217,YIKWPWYIW,0.7,T-cell
782,790,FAQVKQIYK,0.6999999999999998,T-cell
258,266,WTAGAAAYY,0.6999999999999998,T-cell
1215,1223,YIWLGFIAG,0.6999999999999998,T-cell
402,421,IRGDEVRQIAPGQTGKIADY,0.6950000000000001,B-cell
271,290,QPRTFLLKYNENGTITDAVD,0.695,B-cell
666,685,IGAGICASYQTQTNSPRRAR,0.6900000000000001,B-cell
27,46,AYTNSFTRGVYYPDKVFRSS,0.6900000000000001,B-cell
525,544,CGPKKSTNLVKNKCVNFNFN,0.6899999999999998,B-cell
1212,1220,WPWYIWLGF,0.688888888888889,T-cell
891,899,GAALQIPFA,0.688888888888889,T-cell
168,176,FEYVSQPFL,0.688888888888889,T-cell
1019,1027,RASANLAAT,0.6888888888888889,T-cell
367,375,VLYNSASFS,0.6888888888888889,T-cell
557,565,KKFLPFQQF,0.6888888888888889,T-cell
117,125,LLIVNNATN,0.6888888888888889,T-cell
1010,1018,QQLIRAAEI,0.6888888888888889,T-cell
894,902,LQIPFAMQM,0.6888888888888889,T-cell
955,963,NAQALNTLV,0.6888888888888889,T-cell
751,759,NLLLQYGSF,0.6888888888888889,T-cell
823,831,FNKVTLADA,0.6888888888888889,T-cell
1102,1110,WFVTQRNFY,0.6888888888888889,T-cell
270,278,LQPRTFLLK,0.6888888888888889,T-cell
59,67,FSNVTWFHA,0.6888888888888889,T-cell
188,196,NLREFVFKN,0.6888888888888889,T-cell
1017,1025,EIRASANLA,0.6888888888888889,T-cell
366,374,SVLYNSASF,0.6888888888888889,T-cell
41,49,KVFRSSVLH,0.6888888888888889,T-cell
417,425,KIADYNYKL,0.6888888888888889,T-cell
890,898,AGAALQIPF,0.6888888888888889,T-cell
1016,1024,AEIRASANL,0.6888888888888889,T-cell
516,524,ELLHAPATV,0.6888888888888889,T-cell
6,14,VLLPLVSSQ,0.6888888888888889,T-cell
844,852,IAARDLICA,0.6888888888888889,T-cell
858,866,LTVLPPLLT,0.6888888888888889,T-cell
826,834,VTLADAGFI,0.6888888888888889,T-cell
185,193,NFKNLREFV,0.6888888888888889,T-cell
922,930,LIANQFNSA,0.6888888888888889,T-cell
1020,1028,ASANLAATK,0.6888888888888888,T-cell
343,351,NATRFASVY,0.6888888888888888,T-cell
61,69,NVTWFHAIH,0.6888888888888888,T-cell
273,281,RTFLLKYNE,0.6888888888888888,T-cell
780,788,EVFAQVKQI,0.6888888888888888,T-cell
115,123,QSLLIVNNA,0.6888888888888888,T-cell
140,148,FLGVYYHKN,0.6888888888888888,T-cell
1008,1016,VTQQLIRAA,0.6888888888888888,T-cell
1007,1015,YVTQQLIRA,0.6888888888888888,T-cell
63,71,TWFHAIHVS,0.6888888888888888,T-cell
897,905,PFAMQMAYR,0.6888888888888888,T-cell
116,124,SLLIVNNAT,0.6888888888888888,T-cell
1013,1021,IRAAEIRAS,0.6888888888888888,T-cell
260,268,AGAAAYYVG,0.6888888888888888,T-cell
261,269,GAAAYYVGY,0.6888888888888888,T-cell
1014,1022,RAAEIRASA,0.6888888888888888,T-cell
239,247,QTLLALHRS,0.6888888888888888,T-cell
1058,1066,HGVVFLHVT,0.6888888888888888,T-cell
350,358,VYAWNRKRI,0.6888888888888888,T-cell
1035,1054,GQSKRVDFCGKGYHLMSFPQ,0.685,B-cell
154,173,ESEFRVYSSANNCTFEYVSQ,0.6849999999999999,B-cell
1105,1124,TQRNFYEPQIITTDNTFVSG,0.6799999999999998,B-cell
814,822,KRSFIEDLL,0.6777777777777779,T-cell
622,630,VAIHADQLT,0.6777777777777779,T-cell
1056,1064,APHGVVFLH,0.6777777777777778,T-cell
221,229,SALEPLVDL,0.6777777777777778,T-cell
895,903,QIPFAMQMA,0.6777777777777778,T-cell
220,228,FSALEPLVD,0.6777777777777778,T-cell
392,400,FTNVYADSF,0.6777777777777778,T-cell
973,981,ISSVLNDIL,0.6777777777777778,T-cell
989,997,AEVQIDRLI,0.6777777777777778,T-cell
447,455,GNYNYLYRL,0.6777777777777778,T-cell
361,369,CVADYSVLY,0.6777777777777778,T-cell
42,50,VFRSSVLHS,0.6777777777777778,T-cell
57,65,PFFSNVTWF,0.6777777777777778,T-cell
506,514,QPYRVVVLS,0.6777777777777778,T-cell
264,272,AYYVGYLQP,0.6777777777777778,T-cell
1015,1023,AAEIRASAN,0.6777777777777778,T-cell
951,959,VVNQNAQAL,0.6777777777777778,T-cell
36,44,VYYPDKVFR,0.6777777777777778,T-cell
48,56,LHSTQDLFL,0.6777777777777778,T-cell
692,700,IIAYTMSLG,0.6777777777777778,T-cell
693,701,IAYTMSLGA,0.6777777777777778,T-cell
962,970,LVKQLSSNF,0.6777777777777778,T-cell
234,242,NITRFQTLL,0.6777777777777778,T-cell
127,135,VIKVCEFQF,0.6777777777777778,T-cell
1208,1216,QYIKWPWYI,0.6777777777777777,T-cell
1063,1071,LHVTYVPAQ,0.6777777777777777,T-cell
1057,1065,PHGVVFLHV,0.6777777777777777,T-cell
1021,1029,SANLAATKM,0.6777777777777777,T-cell
348,356,ASVYAWNRK,0.6777777777777777,T-cell
1148,1156,FKEELDKYF,0.6777777777777777,T-cell
274,282,TFLLKYNEN,0.6777777777777777,T-cell
1022,1030,ANLAATKMS,0.6777777777777777,T-cell
200,208,YFKIYSKHT,0.6777777777777777,T-cell
888,896,FGAGAALQI,0.6777777777777777,T-cell
1185,1193,RLNEVAKNL,0.6777777777777777,T-cell
118,126,LIVNNATNV,0.6777777777777777,T-cell
56,64,LPFFSNVTW,0.6777777777777777,T-cell
60,68,SNVTWFHAI,0.6777777777777777,T-cell
272,280,PRTFLLKYN,0.6777777777777777,T-cell
923,931,IANQFNSAI,0.6777777777777777,T-cell
959,967,LNTLVKQLS,0.6777777777777777,T-cell
271,279,QPRTFLLKY,0.6777777777777777,T-cell
365,373,YSVLYNSAS,0.6777777777777777,T-cell
454,462,RLFRKSNLK,0.6777777777777777,T-cell
605,613,SNQVAVLYQ,0.6777777777777777,T-cell
604,612,TSNQVAVLY,0.6777777777777777,T-cell
763,771,LNRALTGIA,0.6777777777777776,T-cell
122,130,NATNVVIKV,0.6777777777777776,T-cell
139,147,PFLGVYYHK,0.6777777777777776,T-cell
1097,1116,SNGTHWFVTQRNFYEPQIIT,0.6750000000000002,B-cell
1199,1218,DLQELGKYEQYIKWPWYIWL,0.6749999999999998,B-cell
1196,1215,SLIDLQELGKYEQYIKWPWY,0.6700000000000002,B-cell
410,429,IAPGQTGKIADYNYKLPDDF,0.6700000000000002,B-cell
23,42,QLPPAYTNSFTRGVYYPDKV,0.6700000000000002,B-cell
151,170,SWMESEFRVYSSANNCTFEY,0.6699999999999999,B-cell
171,190,VSQPFLMDLEGKQGNFKNLR,0.6699999999999999,B-cell
1099,1118,GTHWFVTQRNFYEPQIITTD,0.6699999999999999,B-cell
1098,1117,NGTHWFVTQRNFYEPQIITT,0.6699999999999999,B-cell
1055,1063,SAPHGVVFL,0.6666666666666667,T-cell
972,980,AISSVLNDI,0.6666666666666667,T-cell
433,441,VIAWNSNNL,0.6666666666666667,T-cell
169,177,EYVSQPFLM,0.6666666666666667,T-cell
393,401,TNVYADSFV,0.6666666666666667,T-cell
47,55,VLHSTQDLF,0.6666666666666667,T-cell
40,48,DKVFRSSVL,0.6666666666666667,T-cell
171,179,VSQPFLMDL,0.6666666666666667,T-cell
857,865,GLTVLPPLL,0.6666666666666667,T-cell
233,241,INITRFQTL,0.6666666666666667,T-cell
243,251,ALHRSYLTP,0.6666666666666667,T-cell
193,201,VFKNIDGYF,0.6666666666666667,T-cell
126,134,VVIKVCEFQ,0.6666666666666667,T-cell
606,614,NQVAVLYQD,0.6666666666666667,T-cell
621,629,PVAIHADQL,0.6666666666666667,T-cell
125,133,NVVIKVCEF,0.6666666666666667,T-cell
222,230,ALEPLVDLP,0.6666666666666667,T-cell
886,894,WTFGAGAAL,0.6666666666666666,T-cell
876,884,ALLAGTITS,0.6666666666666666,T-cell
875,883,SALLAGTIT,0.6666666666666666,T-cell
874,882,TSALLAGTI,0.6666666666666666,T-cell
920,928,QKLIANQFN,0.6666666666666666,T-cell
919,927,NQKLIANQF,0.6666666666666666,T-cell
914,922,NVLYENQKL,0.6666666666666666,T-cell
112,120,SKTQSLLIV,0.6666666666666666,T-cell
190,198,REFVFKNID,0.6666666666666666,T-cell
192,200,FVFKNIDGY,0.6666666666666666,T-cell
223,231,LEPLVDLPI,0.6666666666666666,T-cell
219,227,GFSALEPLV,0.6666666666666666,T-cell
1189,1197,VAKNLNESL,0.6666666666666666,T-cell
1186,1194,LNEVAKNLN,0.6666666666666666,T-cell
1190,1198,AKNLNESLI,0.6666666666666666,T-cell
120,128,VNNATNVVI,0.6666666666666666,T-cell
489,497,YFPLQSYGF,0.6666666666666666,T-cell
705,713,VAYSNNSIA,0.6666666666666666,T-cell
970,978,FGAISSVLN,0.6666666666666666,T-cell
981,989,LSRLDKVEA,0.6666666666666666,T-cell
686,694,SVASQSIIA,0.6666666666666666,T-cell
119,127,IVNNATNVV,0.6666666666666666,T-cell
980,988,ILSRLDKVE,0.6666666666666666,T-cell
113,121,KTQSLLIVN,0.6666666666666666,T-cell
517,525,LLHAPATVC,0.6666666666666666,T-cell
363,371,ADYSVLYNS,0.6666666666666666,T-cell
418,426,IADYNYKLP,0.6666666666666666,T-cell
969,977,NFGAISSVL,0.6666666666666666,T-cell
921,929,KLIANQFNS,0.6666666666666666,T-cell
873,881,YTSALLAGT,0.6666666666666666,T-cell
828,836,LADAGFIKQ,0.6666666666666666,T-cell
827,835,TLADAGFIK,0.6666666666666666,T-cell
825,833,KVTLADAGF,0.6666666666666666,T-cell
1265,1273,LKGVKLHYT,0.6666666666666666,T-cell
944,952,ALGKLQDVV,0.6666666666666666,T-cell
706,714,AYSNNSIAI,0.6666666666666666,T-cell
764,772,NRALTGIAV,0.6666666666666666,T-cell
752,760,LLLQYGSFC,0.6666666666666666,T-cell
712,720,IAIPTNFTI,0.6666666666666666,T-cell
1000,1008,RLQSLQTYV,0.6666666666666666,T-cell
1172,1180,INASVVNIQ,0.6666666666666666,T-cell
1101,1109,HWFVTQRNF,0.6666666666666666,T-cell
1103,1111,FVTQRNFYE,0.6666666666666666,T-cell
957,965,QALNTLVKQ,0.6666666666666666,T-cell
364,372,DYSVLYNSA,0.6666666666666666,T-cell
872,880,QYTSALLAG,0.6666666666666665,T-cell
64,72,WFHAIHVSG,0.6666666666666665,T-cell
819,827,EDLLFNKVT,0.6666666666666665,T-cell
864,872,LLTDEMIAQ,0.6666666666666665,T-cell
688,696,ASQSIIAYT,0.6666666666666665,T-cell
618,626,TEVPVAIHA,0.6666666666666665,T-cell
765,773,RALTGIAVE,0.6666666666666665,T-cell
152,160,WMESEFRVY,0.6666666666666665,T-cell
560,579,LPFQQFGRDIADTTDAVRDP,0.665,B-cell
445,464,VGGNYNYLYRLFRKSNLKPF,0.6599999999999999,B-cell
975,983,SVLNDILSR,0.6555555555555556,T-cell
979,987,DILSRLDKV,0.6555555555555556,T-cell
456,464,FRKSNLKPF,0.6555555555555556,T-cell
977,985,LNDILSRLD,0.6555555555555556,T-cell
690,698,QSIIAYTMS,0.6555555555555556,T-cell
327,335,VRFPNITNL,0.6555555555555556,T-cell
275,283,FLLKYNENG,0.6555555555555556,T-cell
170,178,YVSQPFLMD,0.6555555555555556,T-cell
937,945,SLSSTASAL,0.6555555555555556,T-cell
50,58,STQDLFLPF,0.6555555555555556,T-cell
1009,1017,TQQLIRAAE,0.6555555555555556,T-cell
841,849,LGDIAARDL,0.6555555555555556,T-cell
909,917,IGVTQNVLY,0.6555555555555556,T-cell
1004,1012,LQTYVTQQL,0.6555555555555556,T-cell
369,377,YNSASFSTF,0.6555555555555556,T-cell
84,92,LPFNDGVYF,0.6555555555555556,T-cell
759,767,FCTQLNRAL,0.6555555555555556,T-cell
996,1004,LITGRLQSL,0.6555555555555556,T-cell
390,398,LCFTNVYAD,0.6555555555555556,T-cell
368,376,LYNSASFST,0.6555555555555556,T-cell
954,962,QNAQALNTL,0.6555555555555556,T-cell
1195,1203,ESLIDLQEL,0.6555555555555556,T-cell
98,106,SNIIRGWIF,0.6555555555555556,T-cell
533,541,LVKNKCVNF,0.6555555555555556,T-cell
455,463,LFRKSNLKP,0.6555555555555556,T-cell
1193,1201,LNESLIDLQ,0.6555555555555556,T-cell
1192,1200,NLNESLIDL,0.6555555555555556,T-cell
197,205,IDGYFKIYS,0.6555555555555556,T-cell
265,273,YYVGYLQPR,0.6555555555555556,T-cell
552,560,LTESNKKFL,0.6555555555555556,T-cell
868,876,EMIAQYTSA,0.6555555555555554,T-cell
1183,1191,IDRLNEVAK,0.6555555555555554,T-cell
1211,1219,KWPWYIWLG,0.6555555555555554,T-cell
917,925,YENQKLIAN,0.6555555555555554,T-cell
199,207,GYFKIYSKH,0.6555555555555554,T-cell
196,204,NIDGYFKIY,0.6555555555555554,T-cell
123,131,ATNVVIKVC,0.6555555555555554,T-cell
983,991,RLDKVEAEV,0.6555555555555554,T-cell
689,697,SQSIIAYTM,0.6555555555555554,T-cell
619,627,EVPVAIHAD,0.6555555555555554,T-cell
620,628,VPVAIHADQ,0.6555555555555554,T-cell
559,567,FLPFQQFGR,0.6555555555555554,T-cell
155,163,SEFRVYSSA,0.6555555555555554,T-cell
156,164,EFRVYSSAN,0.6555555555555554,T-cell
138,146,DPFLGVYYH,0.6555555555555554,T-cell
114,122,TQSLLIVNN,0.6555555555555554,T-cell
558,566,KFLPFQQFG,0.6555555555555554,T-cell
389,397,DLCFTNVYA,0.6555555555555554,T-cell
396,404,YADSFVIRG,0.6555555555555554,T-cell
778,786,TQEVFAQVK,0.6555555555555554,T-cell
783,791,AQVKQIYKT,0.6555555555555554,T-cell
1006,1014,TYVTQQLIR,0.6555555555555554,T-cell
1001,1009,LQSLQTYVT,0.6555555555555554,T-cell
86,94,FNDGVYFAS,0.6555555555555554,T-cell
766,774,ALTGIAVEQ,0.6555555555555554,T-cell
90,98,VYFASTEKS,0.6555555555555554,T-cell
779,787,QEVFAQVKQ,0.6555555555555554,T-cell
901,909,QMAYRFNGI,0.6555555555555554,T-cell
699,707,LGAENSVAY,0.6555555555555554,T-cell
863,871,PLLTDEMIA,0.6555555555555554,T-cell
845,853,AARDLICAQ,0.6555555555555554,T-cell
829,837,ADAGFIKQY,0.6555555555555554,T-cell
865,873,LTDEMIAQY,0.6555555555555554,T-cell
853,861,QKFNGLTVL,0.6555555555555554,T-cell
157,165,FRVYSSANN,0.6555555555555554,T-cell
351,359,YAWNRKRIS,0.6555555555555554,T-cell
349,357,SVYAWNRKR,0.6555555555555554,T-cell
312,320,IYQTSNFRV,0.6555555555555554,T-cell
1263,1271,PVLKGVKLH,0.6555555555555554,T-cell
489,508,YFPLQSYGFQPTNGVGYQPY,0.655,B-cell
800,819,FNFSQILPDPSKPSKRSFIE,0.655,B-cell
407,426,VRQIAPGQTGKIADYNYKLP,0.6500000000000001,B-cell
265,284,YYVGYLQPRTFLLKYNENGT,0.6500000000000001,B-cell
760,779,CTQLNRALTGIAVEQDKNTQ,0.65,B-cell
677,696,QTNSPRRARSVASQSIIAYT,0.6450000000000001,B-cell
676,695,TQTNSPRRARSVASQSIIAY,0.6450000000000001,B-cell
555,563,SNKKFLPFQ,0.6444444444444445,T-cell
554,562,ESNKKFLPF,0.6444444444444445,T-cell
1206,1214,YEQYIKWPW,0.6444444444444445,T-cell
988,996,EAEVQIDRL,0.6444444444444445,T-cell
360,368,NCVADYSVL,0.6444444444444445,T-cell
1047,1055,YHLMSFPQS,0.6444444444444445,T-cell
1207,1215,EQYIKWPWY,0.6444444444444445,T-cell
854,862,KFNGLTVLP,0.6444444444444445,T-cell
580,588,QTLEILDIT,0.6444444444444445,T-cell
210,218,INLVRDLPQ,0.6444444444444445,T-cell
78,86,RFDNPVLPF,0.6444444444444445,T-cell
974,982,SSVLNDILS,0.6444444444444445,T-cell
324,332,ESIVRFPNI,0.6444444444444445,T-cell
167,175,TFEYVSQPF,0.6444444444444445,T-cell
800,808,FNFSQILPD,0.6444444444444445,T-cell
208,216,TPINLVRDL,0.6444444444444445,T-cell
268,276,GYLQPRTFL,0.6444444444444445,T-cell
338,346,FGEVFNATR,0.6444444444444444,T-cell
1087,1095,AHFPREGVF,0.6444444444444444,T-cell
326,334,IVRFPNITN,0.6444444444444444,T-cell
372,380,ASFSTFKCY,0.6444444444444444,T-cell
1107,1115,RNFYEPQII,0.6444444444444444,T-cell
339,347,GEVFNATRF,0.6444444444444444,T-cell
1169,1177,ISGINASVV,0.6444444444444444,T-cell
1175,1183,SVVNIQKEI,0.6444444444444444,T-cell
121,129,NNATNVVIK,0.6444444444444444,T-cell
694,702,AYTMSLGAE,0.6444444444444444,T-cell
685,693,RSVASQSII,0.6444444444444444,T-cell
609,617,AVLYQDVNC,0.6444444444444444,T-cell
551,559,VLTESNKKF,0.6444444444444444,T-cell
1067,1075,YVPAQEKNF,0.6444444444444444,T-cell
1073,1081,KNFTTAPAI,0.6444444444444444,T-cell
1088,1096,HFPREGVFV,0.6444444444444444,T-cell
1048,1056,HLMSFPQSA,0.6444444444444444,T-cell
504,512,GYQPYRVVV,0.6444444444444444,T-cell
153,161,MESEFRVYS,0.6444444444444444,T-cell
990,998,EVQIDRLIT,0.6444444444444444,T-cell
993,1001,IDRLITGRL,0.6444444444444444,T-cell
1005,1013,QTYVTQQLI,0.6444444444444444,T-cell
1023,1031,NLAATKMSE,0.6444444444444444,T-cell
137,145,NDPFLGVYY,0.6444444444444444,T-cell
1129,1137,VIGIVNNTV,0.6444444444444444,T-cell
43,51,FRSSVLHST,0.6444444444444444,T-cell
37,45,YYPDKVFRS,0.6444444444444444,T-cell
141,149,LGVYYHKNN,0.6444444444444444,T-cell
911,919,VTQNVLYEN,0.6444444444444444,T-cell
940,948,STASALGKL,0.6444444444444444,T-cell
65,73,FHAIHVSGT,0.6444444444444444,T-cell
750,758,SNLLLQYGS,0.6444444444444444,T-cell
777,785,NTQEVFAQV,0.6444444444444444,T-cell
85,93,PFNDGVYFA,0.6444444444444444,T-cell
718,726,FTISVTTEI,0.6444444444444444,T-cell
35,43,GVYYPDKVF,0.6444444444444444,T-cell
900,908,MQMAYRFNG,0.6444444444444444,T-cell
842,850,GDIAARDLI,0.6444444444444444,T-cell
257,265,GWTAGAAAY,0.6444444444444444,T-cell
852,860,AQKFNGLTV,0.6444444444444444,T-cell
887,895,TFGAGAALQ,0.6444444444444444,T-cell
903,911,AYRFNGIGV,0.6444444444444444,T-cell
83,91,VLPFNDGVY,0.6444444444444444,T-cell
762,770,QLNRALTGI,0.6444444444444444,T-cell
847,855,RDLICAQKF,0.6444444444444444,T-cell
325,333,SIVRFPNIT,0.6444444444444444,T-cell
941,949,TASALGKLQ,0.6444444444444444,T-cell
984,992,LDKVEAEVQ,0.6444444444444444,T-cell
952,960,VNQNAQALN,0.6444444444444444,T-cell
719,727,TISVTTEIL,0.6444444444444444,T-cell
748,756,ECSNLLLQY,0.6444444444444444,T-cell
503,511,VGYQPYRVV,0.6444444444444444,T-cell
603,611,NTSNQVAVL,0.6444444444444444,T-cell
684,692,ARSVASQSI,0.6444444444444444,T-cell
1174,1182,ASVVNIQKE,0.6444444444444444,T-cell
1228,1236,VMVTIMLCC,0.6444444444444444,T-cell
1203,1211,LGKYEQYIK,0.6444444444444444,T-cell
1173,1181,NASVVNIQK,0.6444444444444444,T-cell
1171,1179,GINASVVNI,0.6444444444444444,T-cell
1262,1270,EPVLKGVKL,0.6444444444444444,T-cell
226,234,LVDLPIGIN,0.6444444444444444,T-cell
194,202,FKNIDGYFK,0.6444444444444444,T-cell
1182,1190,EIDRLNEVA,0.6444444444444444,T-cell
302,310,TLKSFTVEK,0.6444444444444444,T-cell
1151,1159,ELDKYFKNH,0.6444444444444444,T-cell
1128,1136,VVIGIVNNT,0.6444444444444444,T-cell
556,564,NKKFLPFQQ,0.6444444444444444,T-cell
843,851,DIAARDLIC,0.6444444444444444,T-cell
1197,1205,LIDLQELGK,0.6444444444444444,T-cell
1149,1157,KEELDKYFK,0.6444444444444444,T-cell
1130,1138,IGIVNNTVY,0.6444444444444444,T-cell
539,547,VNFNFNGLT,0.6444444444444444,T-cell
1152,1160,LDKYFKNHT,0.6444444444444444,T-cell
625,644,HADQLTPTWRVYSTGSNVFQ,0.6400000000000002,B-cell
1198,1217,IDLQELGKYEQYIKWPWYIW,0.6400000000000001,B-cell
567,586,RDIADTTDAVRDPQTLEILD,0.64,B-cell
1193,1212,LNESLIDLQELGKYEQYIKW,0.64,B-cell
1176,1195,VVNIQKEIDRLNEVAKNLNE,0.64,B-cell
1253,1272,CCKFDEDDSEPVLKGVKLHY,0.6350000000000001,B-cell
1074,1093,NFTTAPAICHDGKAHFPREG,0.635,B-cell
307,326,TVEKGIYQTSNFRVQPTESI,0.635,B-cell
398,417,DSFVIRGDEVRQIAPGQTGK,0.635,B-cell
813,821,SKRSFIEDL,0.6333333333333334,T-cell
710,718,NSIAIPTNF,0.6333333333333334,T-cell
209,217,PINLVRDLP,0.6333333333333334,T-cell
421,429,YNYKLPDDF,0.6333333333333334,T-cell
711,719,SIAIPTNFT,0.6333333333333334,T-cell
799,807,GFNFSQILP,0.6333333333333334,T-cell
16,24,VNLTTRTQL,0.6333333333333334,T-cell
720,728,ISVTTEILP,0.6333333333333334,T-cell
218,226,QGFSALEPL,0.6333333333333334,T-cell
927,935,FNSAIGKIQ,0.6333333333333333,T-cell
100,108,IIRGWIFGT,0.6333333333333333,T-cell
225,233,PLVDLPIGI,0.6333333333333333,T-cell
227,235,VDLPIGINI,0.6333333333333333,T-cell
172,180,SQPFLMDLE,0.6333333333333333,T-cell
987,995,VEAEVQIDR,0.6333333333333333,T-cell
1089,1097,FPREGVFVS,0.6333333333333333,T-cell
1108,1116,NFYEPQIIT,0.6333333333333333,T-cell
370,378,NSASFSTFK,0.6333333333333333,T-cell
986,994,KVEAEVQID,0.6333333333333333,T-cell
1114,1122,IITTDNTFV,0.6333333333333333,T-cell
288,296,AVDCALDPL,0.6333333333333333,T-cell
306,314,FTVEKGIYQ,0.6333333333333333,T-cell
305,313,SFTVEKGIY,0.6333333333333333,T-cell
184,192,GNFKNLREF,0.6333333333333333,T-cell
1065,1073,VTYVPAQEK,0.6333333333333333,T-cell
1045,1053,KGYHLMSFP,0.6333333333333333,T-cell
1095,1103,FVSNGTHWF,0.6333333333333333,T-cell
650,658,LIGAEHVNN,0.6333333333333333,T-cell
682,690,RRARSVASQ,0.6333333333333333,T-cell
490,498,FPLQSYGFQ,0.6333333333333333,T-cell
623,631,AIHADQLTP,0.6333333333333333,T-cell
562,570,FQQFGRDIA,0.6333333333333333,T-cell
110,118,LDSKTQSLL,0.6333333333333333,T-cell
628,636,QLTPTWRVY,0.6333333333333333,T-cell
629,637,LTPTWRVYS,0.6333333333333333,T-cell
1064,1072,HVTYVPAQE,0.6333333333333333,T-cell
151,159,SWMESEFRV,0.6333333333333333,T-cell
231,239,IGINITRFQ,0.6333333333333333,T-cell
1205,1213,KYEQYIKWP,0.6333333333333333,T-cell
1176,1184,VVNIQKEID,0.6333333333333333,T-cell
1229,1237,MVTIMLCCM,0.6333333333333333,T-cell
285,293,ITDAVDCAL,0.6333333333333333,T-cell
1109,1117,FYEPQIITT,0.6333333333333333,T-cell
1150,1158,EELDKYFKN,0.6333333333333333,T-cell
206,214,KHTPINLVR,0.6333333333333333,T-cell
579,587,PQTLEILDI,0.6333333333333333,T-cell
24,32,LPPAYTNSF,0.6333333333333333,T-cell
848,856,DLICAQKFN,0.6333333333333333,T-cell
859,867,TVLPPLLTD,0.6333333333333333,T-cell
860,868,VLPPLLTDE,0.6333333333333333,T-cell
721,729,SVTTEILPV,0.6333333333333333,T-cell
79,87,FDNPVLPFN,0.6333333333333333,T-cell
722,730,VTTEILPVS,0.6333333333333333,T-cell
725,733,EILPVSMTK,0.6333333333333333,T-cell
726,734,ILPVSMTKT,0.6333333333333333,T-cell
30,38,NSFTRGVYY,0.6333333333333333,T-cell
89,97,GVYFASTEK,0.6333333333333333,T-cell
7,15,LLPLVSSQC,0.6333333333333333,T-cell
10,18,LVSSQCVNL,0.6333333333333333,T-cell
966,974,LSSNFGAIS,0.6333333333333333,T-cell
965,973,QLSSNFGAI,0.6333333333333333,T-cell
961,969,TLVKQLSSN,0.6333333333333333,T-cell
960,968,NTLVKQLSS,0.6333333333333333,T-cell
938,946,LSSTASALG,0.6333333333333333,T-cell
948,956,LQDVVNQNA,0.6333333333333333,T-cell
945,953,LGKLQDVVN,0.6333333333333333,T-cell
943,951,SALGKLQDV,0.6333333333333333,T-cell
926,934,QFNSAIGKI,0.6333333333333333,T-cell
942,950,ASALGKLQD,0.6333333333333333,T-cell
985,993,DKVEAEVQI,0.6333333333333333,T-cell
175,183,FLMDLEGKQ,0.6333333333333333,T-cell
713,721,AIPTNFTIS,0.6333333333333333,T-cell
714,722,IPTNFTISV,0.6333333333333333,T-cell
704,712,SVAYSNNSI,0.6333333333333333,T-cell
701,709,AENSVAYSN,0.6333333333333333,T-cell
267,275,VGYLQPRTF,0.6333333333333333,T-cell
1147,1155,SFKEELDKY,0.6333333333333333,T-cell
198,206,DGYFKIYSK,0.6333333333333333,T-cell
191,199,EFVFKNIDG,0.6333333333333333,T-cell
846,854,ARDLICAQK,0.6333333333333333,T-cell
195,203,KNIDGYFKI,0.6333333333333333,T-cell
1127,1135,DVVIGIVNN,0.6333333333333333,T-cell
216,224,LPQGFSALE,0.6333333333333333,T-cell
133,141,FQFCNDPFL,0.6333333333333333,T-cell
143,151,VYYHKNNKS,0.6333333333333333,T-cell
902,910,MAYRFNGIG,0.6333333333333333,T-cell
400,408,FVIRGDEVR,0.6333333333333333,T-cell
387,395,LNDLCFTNV,0.6333333333333333,T-cell
486,494,FNCYFPLQS,0.6333333333333333,T-cell
445,453,VGGNYNYLY,0.6333333333333333,T-cell
99,107,NIIRGWIFG,0.6333333333333333,T-cell
201,209,FKIYSKHTP,0.6333333333333333,T-cell
1196,1204,SLIDLQELG,0.6333333333333333,T-cell
212,220,LVRDLPQGF,0.6333333333333333,T-cell
581,589,TLEILDITP,0.6333333333333333,T-cell
1198,1206,IDLQELGKY,0.6333333333333333,T-cell
1144,1152,ELDSFKEEL,0.6333333333333333,T-cell
1202,1210,ELGKYEQYI,0.6333333333333333,T-cell
1188,1207,EVAKNLNESLIDLQELGKYE,0.6300000000000001,B-cell
1189,1208,VAKNLNESLIDLQELGKYEQ,0.63,B-cell
1187,1206,NEVAKNLNESLIDLQELGKY,0.6299999999999999,B-cell
187,206,KNLREFVFKNIDGYFKIYSK,0.6250000000000001,B-cell
80,99,DNPVLPFNDGVYFASTEKSN,0.6250000000000001,B-cell
527,546,PKKSTNLVKNKCVNFNFNGL,0.6249999999999998,B-cell
46,54,SVLHSTQDL,0.6222222222222223,T-cell
855,863,FNGLTVLPP,0.6222222222222223,T-cell
1145,1153,LDSFKEELD,0.6222222222222223,T-cell
266,274,YVGYLQPRT,0.6222222222222222,T-cell
215,223,DLPQGFSAL,0.6222222222222222,T-cell
202,210,KIYSKHTPI,0.6222222222222222,T-cell
204,212,YSKHTPINL,0.6222222222222222,T-cell
205,213,SKHTPINLV,0.6222222222222222,T-cell
1137,1145,VYDPLQPEL,0.6222222222222222,T-cell
1141,1149,LQPELDSFK,0.6222222222222222,T-cell
1133,1141,VNNTVYDPL,0.6222222222222222,T-cell
313,321,YQTSNFRVQ,0.6222222222222222,T-cell
303,311,LKSFTVEKG,0.6222222222222222,T-cell
535,543,KNKCVNFNF,0.6222222222222222,T-cell
538,546,CVNFNFNGL,0.6222222222222222,T-cell
97,105,KSNIIRGWI,0.6222222222222222,T-cell
569,577,IADTTDAVR,0.6222222222222222,T-cell
1179,1187,IQKEIDRLN,0.6222222222222222,T-cell
1181,1189,KEIDRLNEV,0.6222222222222222,T-cell
1184,1192,DRLNEVAKN,0.6222222222222222,T-cell
1187,1195,NEVAKNLNE,0.6222222222222222,T-cell
1188,1196,EVAKNLNES,0.6222222222222222,T-cell
1191,1199,KNLNESLID,0.6222222222222222,T-cell
1178,1186,NIQKEIDRL,0.6222222222222222,T-cell
229,237,LPIGINITR,0.6222222222222222,T-cell
230,238,PIGINITRF,0.6222222222222222,T-cell
824,832,NKVTLADAG,0.6222222222222222,T-cell
460,468,NLKPFERDI,0.6222222222222222,T-cell
461,469,LKPFERDIS,0.6222222222222222,T-cell
434,442,IAWNSNNLD,0.6222222222222222,T-cell
429,437,FTGCVIAWN,0.6222222222222222,T-cell
794,802,IKDFGGFNF,0.6222222222222222,T-cell
797,805,FGGFNFSQI,0.6222222222222222,T-cell
798,806,GGFNFSQIL,0.6222222222222222,T-cell
49,57,HSTQDLFLP,0.6222222222222222,T-cell
31,39,SFTRGVYYP,0.6222222222222222,T-cell
144,152,YYHKNNKSW,0.6222222222222222,T-cell
128,136,IKVCEFQFC,0.6222222222222222,T-cell
487,495,NCYFPLQSY,0.6222222222222222,T-cell
467,475,DISTEIYQA,0.6222222222222222,T-cell
388,396,NDLCFTNVY,0.6222222222222222,T-cell
910,918,GVTQNVLYE,0.6222222222222222,T-cell
913,921,QNVLYENQK,0.6222222222222222,T-cell
889,897,GAGAALQIP,0.6222222222222222,T-cell
861,869,LPPLLTDEM,0.6222222222222222,T-cell
856,864,NGLTVLPPL,0.6222222222222222,T-cell
8,16,LPLVSSQCV,0.6222222222222222,T-cell
849,857,LICAQKFNG,0.6222222222222222,T-cell
850,858,ICAQKFNGL,0.6222222222222222,T-cell
776,784,KNTQEVFAQ,0.6222222222222222,T-cell
92,100,FASTEKSNI,0.6222222222222222,T-cell
91,99,YFASTEKSN,0.6222222222222222,T-cell
76,84,TKRFDNPVL,0.6222222222222222,T-cell
749,757,CSNLLLQYG,0.6222222222222222,T-cell
753,761,LLQYGSFCT,0.6222222222222222,T-cell
723,731,TTEILPVSM,0.6222222222222222,T-cell
724,732,TEILPVSMT,0.6222222222222222,T-cell
707,715,YSNNSIAIP,0.6222222222222222,T-cell
174,182,PFLMDLEGK,0.6222222222222222,T-cell
968,976,SNFGAISSV,0.6222222222222222,T-cell
978,986,NDILSRLDK,0.6222222222222222,T-cell
982,990,SRLDKVEAE,0.6222222222222222,T-cell
950,958,DVVNQNAQA,0.6222222222222222,T-cell
924,932,ANQFNSAIG,0.6222222222222222,T-cell
930,938,AIGKIQDSL,0.6222222222222222,T-cell
918,926,ENQKLIANQ,0.6222222222222222,T-cell
416,424,GKIADYNYK,0.6222222222222222,T-cell
419,427,ADYNYKLPD,0.6222222222222222,T-cell
399,407,SFVIRGDEV,0.6222222222222222,T-cell
163,171,ANNCTFEYV,0.6222222222222222,T-cell
337,345,PFGEVFNAT,0.6222222222222222,T-cell
352,360,AWNRKRISN,0.6222222222222222,T-cell
991,999,VQIDRLITG,0.6222222222222222,T-cell
995,1003,RLITGRLQS,0.6222222222222222,T-cell
374,382,FSTFKCYGV,0.6222222222222222,T-cell
1100,1108,THWFVTQRN,0.6222222222222222,T-cell
300,308,KCTLKSFTV,0.6222222222222222,T-cell
1096,1104,VSNGTHWFV,0.6222222222222222,T-cell
1094,1102,VFVSNGTHW,0.6222222222222222,T-cell
1054,1062,QSAPHGVVF,0.6222222222222222,T-cell
1044,1052,GKGYHLMSF,0.6222222222222222,T-cell
1075,1083,FTTAPAICH,0.6222222222222222,T-cell
1070,1078,AQEKNFTTA,0.6222222222222222,T-cell
1046,1054,GYHLMSFPQ,0.6222222222222222,T-cell
1049,1057,LMSFPQSAP,0.6222222222222222,T-cell
1024,1032,LAATKMSEC,0.6222222222222222,T-cell
1026,1034,ATKMSECVL,0.6222222222222222,T-cell
643,651,FQTRAGCLI,0.6222222222222222,T-cell
635,643,VYSTGSNVF,0.6222222222222222,T-cell
154,162,ESEFRVYSS,0.6222222222222222,T-cell
698,706,SLGAENSVA,0.6222222222222222,T-cell
680,688,SPRRARSVA,0.6222222222222222,T-cell
681,689,PRRARSVAS,0.6222222222222222,T-cell
683,691,RARSVASQS,0.6222222222222222,T-cell
642,650,VFQTRAGCL,0.6222222222222222,T-cell
1204,1212,GKYEQYIKW,0.6222222222222222,T-cell
124,132,TNVVIKVCE,0.6222222222222222,T-cell
111,119,DSKTQSLLI,0.6222222222222222,T-cell
420,439,DYNYKLPDDFTGCVIAWNSN,0.6150000000000002,B-cell
16,35,VNLTTRTQLPPAYTNSFTRG,0.6150000000000001,B-cell
421,440,YNYKLPDDFTGCVIAWNSNN,0.615,B-cell
33,52,TRGVYYPDKVFRSSVLHSTQ,0.615,B-cell
17,36,NLTTRTQLPPAYTNSFTRGV,0.615,B-cell
1194,1202,NESLIDLQE,0.6111111111111112,T-cell
276,284,LLKYNENGT,0.6111111111111112,T-cell
833,841,FIKQYGDCL,0.6111111111111112,T-cell
203,211,IYSKHTPIN,0.6111111111111112,T-cell
1086,1094,KAHFPREGV,0.6111111111111112,T-cell
145,153,YHKNNKSWM,0.6111111111111112,T-cell
207,215,HTPINLVRD,0.6111111111111112,T-cell
1200,1208,LQELGKYEQ,0.6111111111111112,T-cell
38,46,YPDKVFRSS,0.6111111111111112,T-cell
39,47,PDKVFRSSV,0.6111111111111112,T-cell
971,979,GAISSVLND,0.6111111111111112,T-cell
653,661,AEHVNNSYE,0.6111111111111112,T-cell
93,101,ASTEKSNII,0.6111111111111112,T-cell
610,618,VLYQDVNCT,0.6111111111111112,T-cell
582,590,LEILDITPC,0.6111111111111112,T-cell
577,585,RDPQTLEIL,0.6111111111111112,T-cell
397,405,ADSFVIRGD,0.6111111111111112,T-cell
584,592,ILDITPCSF,0.6111111111111112,T-cell
102,110,RGWIFGTTL,0.6111111111111112,T-cell
1002,1010,QSLQTYVTQ,0.6111111111111112,T-cell
1106,1114,QRNFYEPQI,0.6111111111111112,T-cell
292,300,ALDPLSETK,0.6111111111111112,T-cell
142,150,GVYYHKNNK,0.6111111111111112,T-cell
485,493,GFNCYFPLQ,0.6111111111111112,T-cell
484,492,EGFNCYFPL,0.6111111111111112,T-cell
32,40,FTRGVYYPD,0.6111111111111112,T-cell
953,961,NQNAQALNT,0.6111111111111112,T-cell
947,955,KLQDVVNQN,0.6111111111111112,T-cell
1034,1042,LGQSKRVDF,0.6111111111111112,T-cell
1104,1112,VTQRNFYEP,0.6111111111111112,T-cell
1072,1080,EKNFTTAPA,0.6111111111111112,T-cell
1074,1082,NFTTAPAIC,0.6111111111111112,T-cell
536,544,NKCVNFNFN,0.6111111111111112,T-cell
534,542,VKNKCVNFN,0.6111111111111112,T-cell
532,540,NLVKNKCVN,0.6111111111111112,T-cell
104,112,WIFGTTLDS,0.6111111111111112,T-cell
87,95,NDGVYFAST,0.6111111111111112,T-cell
88,96,DGVYFASTE,0.6111111111111112,T-cell
767,775,LTGIAVEQD,0.6111111111111112,T-cell
697,705,MSLGAENSV,0.6111111111111112,T-cell
717,725,NFTISVTTE,0.6111111111111112,T-cell
1068,1076,VPAQEKNFT,0.6111111111111112,T-cell
695,703,YTMSLGAEN,0.6111111111111112,T-cell
531,539,TNLVKNKCV,0.6111111111111112,T-cell
994,1002,DRLITGRLQ,0.6111111111111112,T-cell
457,465,RKSNLKPFE,0.6111111111111112,T-cell
1025,1033,AATKMSECV,0.6111111111111112,T-cell
963,971,VKQLSSNFG,0.6111111111111112,T-cell
964,972,KQLSSNFGA,0.6111111111111112,T-cell
746,754,STECSNLLL,0.6111111111111112,T-cell
77,85,KRFDNPVLP,0.6111111111111112,T-cell
997,1005,ITGRLQSLQ,0.6111111111111112,T-cell
784,792,QVKQIYKTP,0.6111111111111112,T-cell
775,783,DKNTQEVFA,0.6111111111111112,T-cell
1003,1011,SLQTYVTQQ,0.6111111111111112,T-cell
321,329,QPTESIVRF,0.6111111111111112,T-cell
700,708,GAENSVAYS,0.6111111111111112,T-cell
747,755,TECSNLLLQ,0.6111111111111112,T-cell
150,158,KSWMESEFR,0.6111111111111112,T-cell
716,724,TNFTISVTT,0.6111111111111112,T-cell
334,342,NLCPFGEVF,0.6111111111111112,T-cell
335,343,LCPFGEVFN,0.6111111111111112,T-cell
528,536,KKSTNLVKN,0.6111111111111112,T-cell
323,331,TESIVRFPN,0.6111111111111112,T-cell
761,769,TQLNRALTG,0.6111111111111112,T-cell
760,768,CTQLNRALT,0.6111111111111112,T-cell
371,379,SASFSTFKC,0.6111111111111112,T-cell
357,365,RISNCVADY,0.6111111111111112,T-cell
446,454,GGNYNYLYR,0.6111111111111112,T-cell
444,452,KVGGNYNYL,0.6111111111111112,T-cell
458,466,KSNLKPFER,0.6111111111111112,T-cell
464,472,FERDISTEI,0.6111111111111112,T-cell
1170,1178,SGINASVVN,0.6111111111111112,T-cell
912,920,TQNVLYENQ,0.6111111111111112,T-cell
428,436,DFTGCVIAW,0.6111111111111112,T-cell
26,34,PAYTNSFTR,0.6111111111111112,T-cell
385,393,TKLNDLCFT,0.6111111111111112,T-cell
386,394,KLNDLCFTN,0.6111111111111112,T-cell
391,399,CFTNVYADS,0.6111111111111112,T-cell
382,390,VSPTKLNDL,0.6111111111111112,T-cell
867,875,DEMIAQYTS,0.6111111111111112,T-cell
877,885,LLAGTITSG,0.6111111111111112,T-cell
244,252,LHRSYLTPG,0.6111111111111112,T-cell
862,870,PPLLTDEMI,0.6111111111111112,T-cell
173,181,QPFLMDLEG,0.6111111111111112,T-cell
415,423,TGKIADYNY,0.6111111111111112,T-cell
1230,1238,VTIMLCCMT,0.6111111111111112,T-cell
1177,1185,VNIQKEIDR,0.6111111111111112,T-cell
301,309,CTLKSFTVE,0.6111111111111112,T-cell
1132,1140,IVNNTVYDP,0.6111111111111112,T-cell
1126,1134,CDVVIGIVN,0.611111111111111,T-cell
866,874,TDEMIAQYT,0.611111111111111,T-cell
304,312,KSFTVEKGI,0.611111111111111,T-cell
904,912,YRFNGIGVT,0.611111111111111,T-cell
999,1007,GRLQSLQTY,0.611111111111111,T-cell
355,363,RKRISNCVA,0.611111111111111,T-cell
758,766,SFCTQLNRA,0.611111111111111,T-cell
468,476,ISTEIYQAG,0.611111111111111,T-cell
617,625,CTEVPVAIH,0.611111111111111,T-cell
529,537,KSTNLVKNK,0.611111111111111,T-cell
256,264,SGWTAGAAA,0.611111111111111,T-cell
1125,1133,NCDVVIGIV,0.611111111111111,T-cell
34,42,RGVYYPDKV,0.611111111111111,T-cell
649,657,CLIGAEHVN,0.611111111111111,T-cell
318,326,FRVQPTESI,0.611111111111111,T-cell
1252,1271,SCCKFDEDDSEPVLKGVKLH,0.6100000000000001,B-cell
12,31,SSQCVNLTTRTQLPPAYTNS,0.6050000000000001,B-cell
269,288,YLQPRTFLLKYNENGTITDA,0.605,B-cell
1173,1192,NASVVNIQKEIDRLNEVAKN,0.605,B-cell
176,195,LMDLEGKQGNFKNLREFVFK,0.605,B-cell
802,821,FSQILPDPSKPSKRSFIEDL,0.6049999999999999,B-cell
414,433,QTGKIADYNYKLPDDFTGCV,0.6049999999999999,B-cell
73,92,TNGTKRFDNPVLPFNDGVYF,0.6000000000000002,B-cell
831,839,AGFIKQYGD,0.6000000000000001,T-cell
182,190,KQGNFKNLR,0.6000000000000001,T-cell
810,818,SKPSKRSFI,0.6000000000000001,T-cell
624,632,IHADQLTPT,0.6000000000000001,T-cell
615,623,VNCTEVPVA,0.6000000000000001,T-cell
575,583,AVRDPQTLE,0.6000000000000001,T-cell
289,297,VDCALDPLS,0.6000000000000001,T-cell
232,240,GINITRFQT,0.6000000000000001,T-cell
1154,1162,KYFKNHTSP,0.6000000000000001,T-cell
101,109,IRGWIFGTT,0.6000000000000001,T-cell
553,561,TESNKKFLP,0.6000000000000001,T-cell
1113,1121,QIITTDNTF,0.6000000000000001,T-cell
560,568,LPFQQFGRD,0.6000000000000001,T-cell
1042,1050,FCGKGYHLM,0.6000000000000001,T-cell
1033,1041,VLGQSKRVD,0.6000000000000001,T-cell
1115,1123,ITTDNTFVS,0.6000000000000001,T-cell
44,52,RSSVLHSTQ,0.6000000000000001,T-cell
432,440,CVIAWNSNN,0.6000000000000001,T-cell
1140,1148,PLQPELDSF,0.6000000000000001,T-cell
908,916,GIGVTQNVL,0.6000000000000001,T-cell
1153,1161,DKYFKNHTS,0.6000000000000001,T-cell
310,318,KGIYQTSNF,0.6000000000000001,T-cell
384,392,PTKLNDLCF,0.6000000000000001,T-cell
1131,1139,GIVNNTVYD,0.6000000000000001,T-cell
830,838,DAGFIKQYG,0.6000000000000001,T-cell
311,319,GIYQTSNFR,0.6000000000000001,T-cell
322,330,PTESIVRFP,0.6000000000000001,T-cell
328,336,RFPNITNLC,0.6000000000000001,T-cell
786,794,KQIYKTPPI,0.6000000000000001,T-cell
359,367,SNCVADYSV,0.6000000000000001,T-cell
770,778,IAVEQDKNT,0.6000000000000001,T-cell
811,819,KPSKRSFIE,0.6000000000000001,T-cell
149,157,NKSWMESEF,0.6000000000000001,T-cell
785,793,VKQIYKTPP,0.6000000000000001,T-cell
66,74,HAIHVSGTN,0.6000000000000001,T-cell
789,797,YKTPPIKDF,0.6000000000000001,T-cell
358,366,ISNCVADYS,0.6000000000000001,T-cell
336,344,CPFGEVFNA,0.6000000000000001,T-cell
703,711,NSVAYSNNS,0.6000000000000001,T-cell
483,491,VEGFNCYFP,0.6000000000000001,T-cell
277,285,LKYNENGTI,0.6,T-cell
1199,1207,DLQELGKYE,0.6,T-cell
228,236,DLPIGINIT,0.6,T-cell
1261,1269,SEPVLKGVK,0.6,T-cell
936,944,DSLSSTASA,0.6,T-cell
939,947,SSTASALGK,0.6,T-cell
639,647,GSNVFQTRA,0.6,T-cell
1201,1209,QELGKYEQY,0.6,T-cell
640,648,SNVFQTRAG,0.6,T-cell
591,599,SFGGVSVIT,0.6,T-cell
568,576,DIADTTDAV,0.6,T-cell
488,496,CYFPLQSYG,0.6,T-cell
135,143,FCNDPFLGV,0.6,T-cell
1099,1107,GTHWFVTQR,0.6,T-cell
602,610,TNTSNQVAV,0.6,T-cell
576,584,VRDPQTLEI,0.6,T-cell
1066,1074,TYVPAQEKN,0.6,T-cell
224,232,EPLVDLPIG,0.6,T-cell
666,674,IGAGICASY,0.6,T-cell
527,535,PKKSTNLVK,0.6,T-cell
466,474,RDISTEIYQ,0.6,T-cell
787,795,QIYKTPPIK,0.6,T-cell
29,37,TNSFTRGVY,0.6,T-cell
727,735,LPVSMTKTS,0.6,T-cell
702,710,ENSVAYSNN,0.6,T-cell
616,624,NCTEVPVAI,0.6,T-cell
715,723,PTNFTISVT,0.6,T-cell
319,327,RVQPTESIV,0.6,T-cell
320,328,VQPTESIVR,0.6,T-cell
518,526,LHAPATVCG,0.6,T-cell
992,1000,QIDRLITGR,0.6,T-cell
934,942,IQDSLSSTA,0.6,T-cell
422,430,NYKLPDDFT,0.6,T-cell
82,90,PVLPFNDGV,0.6,T-cell
925,933,NQFNSAIGK,0.6,T-cell
465,473,ERDISTEIY,0.6,T-cell
1168,1176,DISGINASV,0.6,T-cell
105,113,IFGTTLDSK,0.6,T-cell
885,893,GWTFGAGAA,0.6,T-cell
28,36,YTNSFTRGV,0.6,T-cell
27,35,AYTNSFTRG,0.6,T-cell
20,28,TRTQLPPAY,0.6,T-cell
21,29,RTQLPPAYT,0.6,T-cell
1084,1103,DGKAHFPREGVFVSNGTHWF,0.595,B-cell
1067,1086,YVPAQEKNFTTAPAICHDGK,0.595,B-cell
188,207,NLREFVFKNIDGYFKIYSKH,0.5900000000000001,B-cell
1070,1089,AQEKNFTTAPAICHDGKAHF,0.5899999999999999,B-cell
155,174,SEFRVYSSANNCTFEYVSQP,0.5899999999999999,B-cell
435,443,AWNSNNLDS,0.588888888888889,T-cell
160,168,YSSANNCTF,0.588888888888889,T-cell
380,388,YGVSPTKLN,0.588888888888889,T-cell
299,307,TKCTLKSFT,0.588888888888889,T-cell
25,33,PPAYTNSFT,0.588888888888889,T-cell
298,306,ETKCTLKSF,0.588888888888889,T-cell
17,25,NLTTRTQLP,0.588888888888889,T-cell
1180,1188,QKEIDRLNE,0.588888888888889,T-cell
802,810,FSQILPDPS,0.588888888888889,T-cell
801,809,NFSQILPDP,0.588888888888889,T-cell
636,644,YSTGSNVFQ,0.588888888888889,T-cell
286,294,TDAVDCALD,0.588888888888889,T-cell
574,582,DAVRDPQTL,0.588888888888889,T-cell
109,117,TLDSKTQSL,0.588888888888889,T-cell
103,111,GWIFGTTLD,0.588888888888889,T-cell
482,490,GVEGFNCYF,0.588888888888889,T-cell
651,659,IGAEHVNNS,0.588888888888889,T-cell
492,500,LQSYGFQPT,0.588888888888889,T-cell
211,219,NLVRDLPQG,0.588888888888889,T-cell
578,586,DPQTLEILD,0.588888888888889,T-cell
851,859,CAQKFNGLT,0.5888888888888889,T-cell
11,19,VSSQCVNLT,0.5888888888888889,T-cell
878,886,LAGTITSGW,0.5888888888888889,T-cell
459,467,SNLKPFERD,0.5888888888888889,T-cell
931,939,IGKIQDSLS,0.5888888888888889,T-cell
402,410,IRGDEVRQI,0.5888888888888889,T-cell
403,411,RGDEVRQIA,0.5888888888888889,T-cell
401,409,VIRGDEVRQ,0.5888888888888889,T-cell
296,304,LSETKCTLK,0.5888888888888889,T-cell
1134,1142,NNTVYDPLQ,0.5888888888888889,T-cell
1146,1154,DSFKEELDK,0.5888888888888889,T-cell
307,315,TVEKGIYQT,0.5888888888888889,T-cell
213,221,VRDLPQGFS,0.5888888888888889,T-cell
308,316,VEKGIYQTS,0.5888888888888889,T-cell
882,890,ITSGWTFGA,0.5888888888888889,T-cell
839,847,DCLGDIAAR,0.5888888888888889,T-cell
840,848,CLGDIAARD,0.5888888888888889,T-cell
1166,1174,LGDISGINA,0.5888888888888889,T-cell
284,292,TITDAVDCA,0.5888888888888889,T-cell
23,31,QLPPAYTNS,0.5888888888888889,T-cell
22,30,TQLPPAYTN,0.5888888888888889,T-cell
708,716,SNNSIAIPT,0.5888888888888889,T-cell
728,736,PVSMTKTSV,0.5888888888888889,T-cell
373,381,SFSTFKCYG,0.5888888888888889,T-cell
183,191,QGNFKNLRE,0.5888888888888889,T-cell
165,173,NCTFEYVSQ,0.5888888888888889,T-cell
162,170,SANNCTFEY,0.5888888888888889,T-cell
729,737,VSMTKTSVD,0.5888888888888889,T-cell
734,742,TSVDCTMYI,0.5888888888888889,T-cell
502,510,GVGYQPYRV,0.5888888888888889,T-cell
679,687,NSPRRARSV,0.5888888888888889,T-cell
630,638,TPTWRVYST,0.5888888888888889,T-cell
634,642,RVYSTGSNV,0.5888888888888889,T-cell
356,364,KRISNCVAD,0.5888888888888889,T-cell
164,172,NNCTFEYVS,0.5888888888888889,T-cell
652,660,GAEHVNNSY,0.5888888888888889,T-cell
647,655,AGCLIGAEH,0.5888888888888889,T-cell
646,654,RAGCLIGAE,0.5888888888888889,T-cell
1098,1106,NGTHWFVTQ,0.5888888888888889,T-cell
625,633,HADQLTPTW,0.5888888888888889,T-cell
626,634,ADQLTPTWR,0.5888888888888889,T-cell
949,957,QDVVNQNAQ,0.5888888888888889,T-cell
136,144,CNDPFLGVY,0.5888888888888889,T-cell
788,796,IYKTPPIKD,0.5888888888888889,T-cell
795,803,KDFGGFNFS,0.5888888888888889,T-cell
132,140,EFQFCNDPF,0.5888888888888889,T-cell
129,137,KVCEFQFCN,0.5888888888888889,T-cell
709,717,NNSIAIPTN,0.5888888888888889,T-cell
158,166,RVYSSANNC,0.5888888888888889,T-cell
1097,1105,SNGTHWFVT,0.5888888888888889,T-cell
1090,1098,PREGVFVSN,0.5888888888888889,T-cell
540,548,NFNFNGLTG,0.5888888888888889,T-cell
537,545,KCVNFNFNG,0.5888888888888889,T-cell
561,569,PFQQFGRDI,0.5888888888888889,T-cell
592,600,FGGVSVITP,0.5888888888888889,T-cell
1050,1058,MSFPQSAPH,0.5888888888888889,T-cell
1032,1040,CVLGQSKRV,0.5888888888888889,T-cell
668,676,AGICASYQT,0.5888888888888889,T-cell
1081,1089,ICHDGKAHF,0.5888888888888889,T-cell
1121,1129,FVSGNCDVV,0.5888888888888889,T-cell
967,975,SSNFGAISS,0.5888888888888889,T-cell
94,102,STEKSNIIR,0.5888888888888889,T-cell
96,104,EKSNIIRGW,0.5888888888888889,T-cell
541,549,FNFNGLTGT,0.5888888888888889,T-cell
645,653,TRAGCLIGA,0.5888888888888889,T-cell
946,954,GKLQDVVNQ,0.5888888888888889,T-cell
214,222,RDLPQGFSA,0.5888888888888889,T-cell
664,672,IPIGAGICA,0.5888888888888888,T-cell
648,656,GCLIGAEHV,0.5888888888888888,T-cell
627,635,DQLTPTWRV,0.5888888888888888,T-cell
195,214,KNIDGYFKIYSKHTPINLVR,0.5850000000000002,B-cell
96,115,EKSNIIRGWIFGTTLDSKTQ,0.5800000000000001,B-cell
466,485,RDISTEIYQAGSTPCNGVEG,0.58,B-cell
528,547,KKSTNLVKNKCVNFNFNGLT,0.5799999999999998,B-cell
45,53,SSVLHSTQD,0.577777777777778,T-cell
18,26,LTTRTQLPP,0.577777777777778,T-cell
287,295,DAVDCALDP,0.577777777777778,T-cell
1155,1163,YFKNHTSPD,0.577777777777778,T-cell
420,428,DYNYKLPDD,0.577777777777778,T-cell
217,225,PQGFSALEP,0.577777777777778,T-cell
1136,1144,TVYDPLQPE,0.5777777777777778,T-cell
1138,1146,YDPLQPELD,0.5777777777777778,T-cell
1143,1151,PELDSFKEE,0.5777777777777778,T-cell
1156,1164,FKNHTSPDV,0.5777777777777778,T-cell
315,323,TSNFRVQPT,0.5777777777777778,T-cell
314,322,QTSNFRVQP,0.5777777777777778,T-cell
768,776,TGIAVEQDK,0.5777777777777778,T-cell
769,777,GIAVEQDKN,0.5777777777777778,T-cell
928,936,NSAIGKIQD,0.5777777777777778,T-cell
929,937,SAIGKIQDS,0.5777777777777778,T-cell
414,422,QTGKIADYN,0.5777777777777778,T-cell
398,406,DSFVIRGDE,0.5777777777777778,T-cell
406,414,EVRQIAPGQ,0.5777777777777778,T-cell
407,415,VRQIAPGQT,0.5777777777777778,T-cell
462,470,KPFERDIST,0.5777777777777778,T-cell
1135,1143,NTVYDPLQP,0.5777777777777778,T-cell
796,804,DFGGFNFSQ,0.5777777777777778,T-cell
146,154,HKNNKSWME,0.5777777777777778,T-cell
33,41,TRGVYYPDK,0.5777777777777778,T-cell
470,478,TEIYQAGST,0.5777777777777778,T-cell
774,782,QDKNTQEVF,0.5777777777777778,T-cell
316,324,SNFRVQPTE,0.5777777777777778,T-cell
756,764,YGSFCTQLN,0.5777777777777778,T-cell
80,88,DNPVLPFND,0.5777777777777778,T-cell
491,499,PLQSYGFQP,0.5777777777777778,T-cell
530,538,STNLVKNKC,0.5777777777777778,T-cell
431,439,GCVIAWNSN,0.5777777777777778,T-cell
430,438,TGCVIAWNS,0.5777777777777778,T-cell
812,820,PSKRSFIED,0.5777777777777778,T-cell
354,362,NRKRISNCV,0.5777777777777778,T-cell
159,167,VYSSANNCT,0.5777777777777778,T-cell
998,1006,TGRLQSLQT,0.5777777777777778,T-cell
330,338,PNITNLCPF,0.5777777777777778,T-cell
329,337,FPNITNLCP,0.5777777777777778,T-cell
611,619,LYQDVNCTE,0.5777777777777778,T-cell
166,174,CTFEYVSQP,0.5777777777777778,T-cell
755,763,QYGSFCTQL,0.5777777777777778,T-cell
754,762,LQYGSFCTQ,0.5777777777777778,T-cell
1083,1091,HDGKAHFPR,0.5777777777777778,T-cell
670,678,ICASYQTQT,0.5777777777777778,T-cell
696,704,TMSLGAENS,0.5777777777777778,T-cell
1071,1079,QEKNFTTAP,0.5777777777777778,T-cell
1105,1113,TQRNFYEPQ,0.5777777777777778,T-cell
1110,1118,YEPQIITTD,0.5777777777777778,T-cell
1091,1099,REGVFVSNG,0.5777777777777778,T-cell
1069,1077,PAQEKNFTT,0.5777777777777778,T-cell
641,649,NVFQTRAGC,0.5777777777777778,T-cell
570,578,ADTTDAVRD,0.5777777777777778,T-cell
563,571,QQFGRDIAD,0.5777777777777778,T-cell
567,575,RDIADTTDA,0.5777777777777778,T-cell
564,572,QFGRDIADT,0.5777777777777778,T-cell
565,573,FGRDIADTT,0.5777777777777778,T-cell
546,554,LTGTGVLTE,0.5777777777777778,T-cell
9,17,PLVSSQCVN,0.5777777777777778,T-cell
1231,1239,TIMLCCMTS,0.5777777777777777,T-cell
1260,1268,DSEPVLKGV,0.5777777777777777,T-cell
1122,1130,VSGNCDVVI,0.5777777777777777,T-cell
291,299,CALDPLSET,0.5777777777777777,T-cell
590,598,CSFGGVSVI,0.5777777777777777,T-cell
317,325,NFRVQPTES,0.5777777777777777,T-cell
1093,1101,GVFVSNGTH,0.5777777777777777,T-cell
905,913,RFNGIGVTQ,0.5777777777777777,T-cell
423,431,YKLPDDFTG,0.5777777777777777,T-cell
427,435,DDFTGCVIA,0.5777777777777777,T-cell
632,640,TWRVYSTGS,0.5777777777777777,T-cell
633,641,WRVYSTGSN,0.5777777777777777,T-cell
437,445,NSNNLDSKV,0.5777777777777777,T-cell
933,941,KIQDSLSST,0.5777777777777777,T-cell
1142,1150,QPELDSFKE,0.5777777777777777,T-cell
1164,1172,VDLGDISGI,0.5777777777777777,T-cell
469,477,STEIYQAGS,0.5777777777777777,T-cell
375,383,STFKCYGVS,0.5777777777777777,T-cell
1052,1060,FPQSAPHGV,0.5777777777777777,T-cell
1080,1088,AICHDGKAH,0.5777777777777777,T-cell
550,558,GVLTESNKK,0.5777777777777777,T-cell
255,263,SSGWTAGAA,0.5777777777777777,T-cell
300,319,KCTLKSFTVEKGIYQTSNFR,0.575,B-cell
1131,1150,GIVNNTVYDPLQPELDSFKE,0.575,B-cell
164,183,NNCTFEYVSQPFLMDLEGKQ,0.5700000000000001,B-cell
28,47,YTNSFTRGVYYPDKVFRSSV,0.5700000000000001,B-cell
1201,1220,QELGKYEQYIKWPWYIWLGF,0.57,B-cell
81,89,NPVLPFNDG,0.5666666666666668,T-cell
404,412,GDEVRQIAP,0.5666666666666668,T-cell
181,189,GKQGNFKNL,0.5666666666666668,T-cell
471,479,EIYQAGSTP,0.5666666666666668,T-cell
377,385,FKCYGVSPT,0.5666666666666668,T-cell
379,387,CYGVSPTKL,0.5666666666666668,T-cell
130,138,VCEFQFCND,0.5666666666666668,T-cell
405,413,DEVRQIAPG,0.5666666666666668,T-cell
147,155,KNNKSWMES,0.5666666666666668,T-cell
595,603,VSVITPGTN,0.5666666666666668,T-cell
583,591,EILDITPCS,0.5666666666666668,T-cell
106,114,FGTTLDSKT,0.5666666666666667,T-cell
672,680,ASYQTQTNS,0.5666666666666667,T-cell
14,22,QCVNLTTRT,0.5666666666666667,T-cell
13,21,SQCVNLTTR,0.5666666666666667,T-cell
463,471,PFERDISTE,0.5666666666666667,T-cell
441,449,LDSKVGGNY,0.5666666666666667,T-cell
935,943,QDSLSSTAS,0.5666666666666667,T-cell
1041,1049,DFCGKGYHL,0.5666666666666667,T-cell
526,534,GPKKSTNLV,0.5666666666666667,T-cell
1028,1036,KMSECVLGQ,0.5666666666666667,T-cell
331,339,NITNLCPFG,0.5666666666666667,T-cell
332,340,ITNLCPFGE,0.5666666666666667,T-cell
376,384,TFKCYGVSP,0.5666666666666667,T-cell
656,664,VNNSYECDI,0.5666666666666667,T-cell
667,675,GAGICASYQ,0.5666666666666667,T-cell
906,914,FNGIGVTQN,0.5666666666666667,T-cell
15,23,CVNLTTRTQ,0.5666666666666667,T-cell
19,27,TTRTQLPPA,0.5666666666666667,T-cell
443,451,SKVGGNYNY,0.5666666666666667,T-cell
660,668,YECDIPIGA,0.5666666666666667,T-cell
134,142,QFCNDPFLG,0.5666666666666667,T-cell
793,801,PIKDFGGFN,0.5666666666666667,T-cell
884,892,SGWTFGAGA,0.5666666666666667,T-cell
436,444,WNSNNLDSK,0.5666666666666667,T-cell
631,639,PTWRVYSTG,0.5666666666666667,T-cell
612,620,YQDVNCTEV,0.5666666666666667,T-cell
290,298,DCALDPLSE,0.5666666666666667,T-cell
638,646,TGSNVFQTR,0.5666666666666667,T-cell
549,557,TGVLTESNK,0.5666666666666667,T-cell
1092,1100,EGVFVSNGT,0.5666666666666667,T-cell
353,361,WNRKRISNC,0.5666666666666667,T-cell
1027,1035,TKMSECVLG,0.5666666666666667,T-cell
295,303,PLSETKCTL,0.5666666666666667,T-cell
95,103,TEKSNIIRG,0.5666666666666667,T-cell
735,743,SVDCTMYIC,0.5666666666666667,T-cell
67,75,AIHVSGTNG,0.5666666666666667,T-cell
733,741,KTSVDCTMY,0.5666666666666667,T-cell
281,289,ENGTITDAV,0.5666666666666667,T-cell
179,187,LEGKQGNFK,0.5666666666666667,T-cell
771,779,AVEQDKNTQ,0.5666666666666667,T-cell
1076,1084,TTAPAICHD,0.5666666666666667,T-cell
1053,1061,PQSAPHGVV,0.5666666666666667,T-cell
176,184,LMDLEGKQG,0.5666666666666667,T-cell
1084,1092,DGKAHFPRE,0.5666666666666667,T-cell
333,341,TNLCPFGEV,0.5666666666666665,T-cell
297,316,SETKCTLKSFTVEKGIYQTS,0.5650000000000001,B-cell
196,215,NIDGYFKIYSKHTPINLVRD,0.565,B-cell
628,647,QLTPTWRVYSTGSNVFQTRA,0.5649999999999998,B-cell
168,187,FEYVSQPFLMDLEGKQGNFK,0.56,B-cell
487,506,NCYFPLQSYGFQPTNGVGYQ,0.56,B-cell
644,663,QTRAGCLIGAEHVNNSYECD,0.5599999999999999,B-cell
1184,1203,DRLNEVAKNLNESLIDLQEL,0.5599999999999999,B-cell
1158,1166,NHTSPDVDL,0.5555555555555557,T-cell
1258,1266,EDDSEPVLK,0.5555555555555556,T-cell
644,652,QTRAGCLIG,0.5555555555555556,T-cell
654,662,EHVNNSYEC,0.5555555555555556,T-cell
1120,1128,TFVSGNCDV,0.5555555555555556,T-cell
614,622,DVNCTEVPV,0.5555555555555556,T-cell
245,253,HRSYLTPGD,0.5555555555555556,T-cell
543,551,FNGLTGTGV,0.5555555555555556,T-cell
544,552,NGLTGTGVL,0.5555555555555556,T-cell
545,553,GLTGTGVLT,0.5555555555555556,T-cell
665,673,PIGAGICAS,0.5555555555555556,T-cell
678,686,TNSPRRARS,0.5555555555555556,T-cell
677,685,QTNSPRRAR,0.5555555555555556,T-cell
438,446,SNNLDSKVG,0.5555555555555556,T-cell
413,421,GQTGKIADY,0.5555555555555556,T-cell
411,419,APGQTGKIA,0.5555555555555556,T-cell
803,811,SQILPDPSK,0.5555555555555556,T-cell
932,940,GKIQDSLSS,0.5555555555555556,T-cell
881,889,TITSGWTFG,0.5555555555555556,T-cell
792,800,PPIKDFGGF,0.5555555555555556,T-cell
12,20,SSQCVNLTT,0.5555555555555556,T-cell
880,888,GTITSGWTF,0.5555555555555556,T-cell
907,915,NGIGVTQNV,0.5555555555555556,T-cell
637,645,STGSNVFQT,0.5555555555555556,T-cell
148,156,NNKSWMESE,0.5555555555555556,T-cell
383,391,SPTKLNDLC,0.5555555555555556,T-cell
495,503,YGFQPTNGV,0.5555555555555556,T-cell
1029,1037,MSECVLGQS,0.5555555555555556,T-cell
1043,1051,CGKGYHLMS,0.5555555555555556,T-cell
161,169,SSANNCTFE,0.5555555555555556,T-cell
809,817,PSKPSKRSF,0.5555555555555556,T-cell
658,666,NSYECDIPI,0.5555555555555556,T-cell
669,677,GICASYQTQ,0.5555555555555556,T-cell
745,753,DSTECSNLL,0.5555555555555556,T-cell
309,317,EKGIYQTSN,0.5555555555555556,T-cell
75,83,GTKRFDNPV,0.5555555555555556,T-cell
501,509,NGVGYQPYR,0.5555555555555556,T-cell
757,765,GSFCTQLNR,0.5555555555555556,T-cell
585,593,LDITPCSFG,0.5555555555555556,T-cell
837,845,YGDCLGDIA,0.5555555555555556,T-cell
282,290,NGTITDAVD,0.5555555555555556,T-cell
278,286,KYNENGTIT,0.5555555555555556,T-cell
293,301,LDPLSETKC,0.5555555555555555,T-cell
1040,1048,VDFCGKGYH,0.5555555555555555,T-cell
1031,1039,ECVLGQSKR,0.5555555555555555,T-cell
1079,1087,PAICHDGKA,0.5555555555555555,T-cell
1085,1093,GKAHFPREG,0.5555555555555555,T-cell
1078,1086,APAICHDGK,0.5555555555555555,T-cell
497,505,FQPTNGVGY,0.5555555555555555,T-cell
410,418,IAPGQTGKI,0.5555555555555555,T-cell
838,846,GDCLGDIAA,0.5555555555555555,T-cell
1232,1240,IMLCCMTSC,0.5555555555555555,T-cell
1124,1132,GNCDVVIGI,0.5555555555555555,T-cell
1037,1045,SKRVDFCGK,0.5555555555555555,T-cell
1039,1047,RVDFCGKGY,0.5555555555555555,T-cell
548,567,GTGVLTESNKKFLPFQQFGR,0.555,B-cell
803,822,SQILPDPSKPSKRSFIEDLL,0.555,B-cell
313,332,YQTSNFRVQPTESIVRFPNI,0.55,B-cell
312,331,IYQTSNFRVQPTESIVRFPN,0.55,B-cell
1244,1263,LKGCCSCGSCCKFDEDDSEP,0.55,B-cell
1181,1200,KEIDRLNEVAKNLNESLIDL,0.5450000000000002,B-cell
665,684,PIGAGICASYQTQTNSPRRA,0.545,B-cell
785,804,VKQIYKTPPIKDFGGFNFSQ,0.5449999999999999,B-cell
784,803,QVKQIYKTPPIKDFGGFNFS,0.5449999999999999,B-cell
790,798,KTPPIKDFG,0.5444444444444445,T-cell
805,813,ILPDPSKPS,0.5444444444444445,T-cell
500,508,TNGVGYQPY,0.5444444444444445,T-cell
493,501,QSYGFQPTN,0.5444444444444445,T-cell
804,812,QILPDPSKP,0.5444444444444445,T-cell
879,887,AGTITSGWT,0.5444444444444445,T-cell
1111,1119,EPQIITTDN,0.5444444444444445,T-cell
1112,1120,PQIITTDNT,0.5444444444444445,T-cell
246,254,RSYLTPGDS,0.5444444444444445,T-cell
178,186,DLEGKQGNF,0.5444444444444445,T-cell
472,480,IYQAGSTPC,0.5444444444444445,T-cell
1082,1090,CHDGKAHFP,0.5444444444444445,T-cell
655,663,HVNNSYECD,0.5444444444444445,T-cell
594,602,GVSVITPGT,0.5444444444444445,T-cell
572,580,TTDAVRDPQ,0.5444444444444445,T-cell
108,116,TTLDSKTQS,0.5444444444444445,T-cell
573,581,TDAVRDPQT,0.5444444444444445,T-cell
832,840,GFIKQYGDC,0.5444444444444445,T-cell
1139,1147,DPLQPELDS,0.5444444444444445,T-cell
381,389,GVSPTKLND,0.5444444444444445,T-cell
671,679,CASYQTQTN,0.5444444444444445,T-cell
1167,1175,GDISGINAS,0.5444444444444444,T-cell
1161,1169,SPDVDLGDI,0.5444444444444444,T-cell
1165,1173,DLGDISGIN,0.5444444444444444,T-cell
834,842,IKQYGDCLG,0.5444444444444444,T-cell
601,609,GTNTSNQVA,0.5444444444444444,T-cell
254,262,SSSGWTAGA,0.5444444444444444,T-cell
1162,1170,PDVDLGDIS,0.5444444444444444,T-cell
297,305,SETKCTLKS,0.5444444444444444,T-cell
520,528,APATVCGPK,0.5444444444444444,T-cell
663,671,DIPIGAGIC,0.5444444444444444,T-cell
425,433,LPDDFTGCV,0.5444444444444444,T-cell
676,684,TQTNSPRRA,0.5444444444444444,T-cell
662,670,CDIPIGAGI,0.5444444444444444,T-cell
1051,1059,SFPQSAPHG,0.5444444444444444,T-cell
481,489,NGVEGFNCY,0.5444444444444444,T-cell
736,744,VDCTMYICG,0.5444444444444444,T-cell
1030,1038,SECVLGQSK,0.5444444444444444,T-cell
519,527,HAPATVCGP,0.5444444444444444,T-cell
1035,1043,GQSKRVDFC,0.5444444444444444,T-cell
1036,1044,QSKRVDFCG,0.5444444444444444,T-cell
1117,1125,TDNTFVSGN,0.5444444444444444,T-cell
1077,1085,TAPAICHDG,0.5444444444444444,T-cell
1116,1124,TTDNTFVSG,0.5444444444444444,T-cell
519,538,HAPATVCGPKKSTNLVKNKC,0.54,B-cell
1089,1108,FPREGVFVSNGTHWFVTQRN,0.5350000000000001,B-cell
1090,1109,PREGVFVSNGTHWFVTQRNF,0.5349999999999999,B-cell
1250,1269,CGSCCKFDEDDSEPVLKGVK,0.5349999999999999,B-cell
565,584,FGRDIADTTDAVRDPQTLEI,0.5349999999999999,B-cell
772,780,VEQDKNTQE,0.5333333333333334,T-cell
547,555,TGTGVLTES,0.5333333333333334,T-cell
548,556,GTGVLTESN,0.5333333333333334,T-cell
1257,1265,DEDDSEPVL,0.5333333333333334,T-cell
597,605,VITPGTNTS,0.5333333333333333,T-cell
596,604,SVITPGTNT,0.5333333333333333,T-cell
1163,1171,DVDLGDISG,0.5333333333333333,T-cell
280,288,NENGTITDA,0.5333333333333333,T-cell
589,597,PCSFGGVSV,0.5333333333333333,T-cell
587,595,ITPCSFGGV,0.5333333333333333,T-cell
571,579,DTTDAVRDP,0.5333333333333333,T-cell
283,291,GTITDAVDC,0.5333333333333333,T-cell
247,255,SYLTPGDSS,0.5333333333333333,T-cell
1259,1267,DDSEPVLKG,0.5333333333333333,T-cell
883,891,TSGWTFGAG,0.5333333333333333,T-cell
439,447,NNLDSKVGG,0.5333333333333333,T-cell
440,448,NLDSKVGGN,0.5333333333333333,T-cell
674,682,YQTQTNSPR,0.5333333333333333,T-cell
248,256,YLTPGDSSS,0.5333333333333333,T-cell
426,434,PDDFTGCVI,0.5333333333333333,T-cell
522,530,ATVCGPKKS,0.5333333333333333,T-cell
1256,1264,FDEDDSEPV,0.5333333333333333,T-cell
68,76,IHVSGTNGT,0.5333333333333333,T-cell
731,739,MTKTSVDCT,0.5333333333333333,T-cell
659,667,SYECDIPIG,0.5333333333333333,T-cell
773,781,EQDKNTQEV,0.5333333333333333,T-cell
73,81,TNGTKRFDN,0.5333333333333333,T-cell
732,740,TKTSVDCTM,0.5333333333333333,T-cell
1159,1167,HTSPDVDLG,0.5333333333333333,T-cell
279,287,YNENGTITD,0.5333333333333333,T-cell
730,738,SMTKTSVDC,0.5333333333333333,T-cell
1038,1046,KRVDFCGKG,0.5333333333333332,T-cell
378,386,KCYGVSPTK,0.5333333333333332,T-cell
740,748,MYICGDSTE,0.5333333333333332,T-cell
739,747,TMYICGDST,0.5333333333333332,T-cell
1094,1113,VFVSNGTHWFVTQRNFYEPQ,0.53,B-cell
1245,1264,KGCCSCGSCCKFDEDDSEPV,0.53,B-cell
786,805,KQIYKTPPIKDFGGFNFSQI,0.5299999999999999,B-cell
264,283,AYYVGYLQPRTFLLKYNENG,0.5250000000000001,B-cell
351,370,YAWNRKRISNCVADYSVLYN,0.5250000000000001,B-cell
1102,1121,WFVTQRNFYEPQIITTDNTF,0.525,B-cell
1183,1202,IDRLNEVAKNLNESLIDLQE,0.525,B-cell
64,83,WFHAIHVSGTNGTKRFDNPV,0.525,B-cell
1182,1201,EIDRLNEVAKNLNESLIDLQ,0.525,B-cell
1157,1165,KNHTSPDVD,0.5222222222222223,T-cell
593,601,GGVSVITPG,0.5222222222222223,T-cell
107,115,GTTLDSKTQ,0.5222222222222223,T-cell
494,502,SYGFQPTNG,0.5222222222222223,T-cell
74,82,NGTKRFDNP,0.5222222222222223,T-cell
71,79,SGTNGTKRF,0.5222222222222223,T-cell
613,621,QDVNCTEVP,0.5222222222222223,T-cell
1119,1127,NTFVSGNCD,0.5222222222222223,T-cell
131,139,CEFQFCNDP,0.5222222222222223,T-cell
673,681,SYQTQTNSP,0.5222222222222223,T-cell
408,416,RQIAPGQTG,0.5222222222222223,T-cell
657,665,NNSYECDIP,0.5222222222222223,T-cell
177,185,MDLEGKQGN,0.5222222222222223,T-cell
180,188,EGKQGNFKN,0.5222222222222221,T-cell
566,574,GRDIADTTD,0.5222222222222221,T-cell
836,844,QYGDCLGDI,0.5222222222222221,T-cell
1123,1131,SGNCDVVIG,0.5222222222222221,T-cell
442,450,DSKVGGNYN,0.5222222222222221,T-cell
1118,1126,DNTFVSGNC,0.5222222222222221,T-cell
409,417,QIAPGQTGK,0.5222222222222221,T-cell
542,550,NFNGLTGTG,0.5222222222222221,T-cell
424,432,KLPDDFTGC,0.5222222222222221,T-cell
806,814,LPDPSKPSK,0.5222222222222221,T-cell
521,529,PATVCGPKK,0.5222222222222221,T-cell
1200,1219,LQELGKYEQYIKWPWYIWLG,0.5200000000000002,B-cell
1091,1110,REGVFVSNGTHWFVTQRNFY,0.5200000000000001,B-cell
1107,1126,RNFYEPQIITTDNTFVSGNC,0.52,B-cell
1088,1107,HFPREGVFVSNGTHWFVTQR,0.5199999999999999,B-cell
461,480,LKPFERDISTEIYQAGSTPC,0.5199999999999999,B-cell
315,334,TSNFRVQPTESIVRFPNITN,0.5199999999999999,B-cell
314,333,QTSNFRVQPTESIVRFPNIT,0.5199999999999998,B-cell
626,645,ADQLTPTWRVYSTGSNVFQT,0.515,B-cell
778,797,TQEVFAQVKQIYKTPPIKDF,0.515,B-cell
1095,1114,FVSNGTHWFVTQRNFYEPQI,0.5149999999999999,B-cell
303,322,LKSFTVEKGIYQTSNFRVQP,0.5149999999999999,B-cell
902,921,MAYRFNGIGVTQNVLYENQK,0.5149999999999999,B-cell
294,302,DPLSETKCT,0.5111111111111112,T-cell
525,533,CGPKKSTNL,0.5111111111111112,T-cell
412,420,PGQTGKIAD,0.5111111111111112,T-cell
72,80,GTNGTKRFD,0.5111111111111112,T-cell
1237,1245,MTSCCSCLK,0.5111111111111111,T-cell
661,669,ECDIPIGAG,0.5111111111111111,T-cell
473,481,YQAGSTPCN,0.5111111111111111,T-cell
498,506,QPTNGVGYQ,0.5111111111111111,T-cell
70,78,VSGTNGTKR,0.5111111111111111,T-cell
69,77,HVSGTNGTK,0.5111111111111111,T-cell
738,746,CTMYICGDS,0.5111111111111111,T-cell
1160,1168,TSPDVDLGD,0.5111111111111111,T-cell
791,799,TPPIKDFGG,0.5111111111111111,T-cell
1255,1263,KFDEDDSEP,0.5111111111111111,T-cell
675,683,QTQTNSPRR,0.5111111111111111,T-cell
1179,1198,IQKEIDRLNEVAKNLNESLI,0.5100000000000001,B-cell
310,329,KGIYQTSNFRVQPTESIVRF,0.51,B-cell
342,361,FNATRFASVYAWNRKRISNC,0.51,B-cell
170,189,YVSQPFLMDLEGKQGNFKNL,0.51,B-cell
66,85,HAIHVSGTNGTKRFDNPVLP,0.51,B-cell
18,37,LTTRTQLPPAYTNSFTRGVY,0.5050000000000002,B-cell
199,218,GYFKIYSKHTPINLVRDLPQ,0.5050000000000001,B-cell
1175,1194,SVVNIQKEIDRLNEVAKNLN,0.5050000000000001,B-cell
200,219,YFKIYSKHTPINLVRDLPQG,0.5050000000000001,B-cell
198,217,DGYFKIYSKHTPINLVRDLP,0.505,B-cell
353,372,WNRKRISNCVADYSVLYNSA,0.5000000000000002,B-cell
352,371,AWNRKRISNCVADYSVLYNS,0.5000000000000002,B-cell
779,798,QEVFAQVKQIYKTPPIKDFG,0.5000000000000001,B-cell
